Customer_ID,Age,Gender,Region,Income,Account_Type,Credit_Cards,Loans,Transaction_Frequency,Balance
CUST0001,63,Male,North,1459491.22,Current,1,0,17,797698.34
CUST0002,53,Female,East,1237383.44,NRI,2,1,26,508319.37
CUST0003,39,Female,West,587562.83,Current,2,2,46,783775.91
CUST0004,67,Female,North,2250529.27,NRI,2,1,48,304358.3
CUST0005,32,Female,North,1289526.23,Savings,1,5,14,1209709.85
CUST0006,45,Male,West,728169.53,Salary,2,5,41,286807.66
CUST0007,63,Male,West,1109070.57,Savings,2,1,36,136599.77
CUST0008,43,Female,South,1211085.46,NRI,1,0,23,660006.58
CUST0009,47,Male,East,2120583.37,NRI,2,1,43,990878.08
CUST0010,35,Female,West,1913951.64,NRI,1,3,6,662198.07
CUST0011,35,Female,West,1992470.77,Current,3,1,47,422363.66
CUST0012,48,Female,East,324268.78,Salary,3,2,5,841675.06
CUST0013,60,Male,West,1215538.8,Salary,3,2,43,527033.48
CUST0014,64,Female,West,1358957.13,NRI,2,4,25,1399972.86
CUST0015,48,Female,South,342223.01,NRI,0,2,18,1384741.26
CUST0016,27,Female,North,871589.06,Current,0,1,13,758534.01
CUST0017,46,Male,North,1972637.61,Savings,2,2,43,498547.15
CUST0018,26,Male,North,601641.35,Savings,0,0,14,1108327.3
CUST0019,48,Female,North,1477682.29,Salary,1,2,28,64702.29
CUST0020,68,Male,West,773444.12,Current,0,3,18,717405.82
CUST0021,54,Male,East,326665.7,NRI,2,0,28,511121.86
CUST0022,62,Male,East,830643.21,Salary,2,4,27,1381598.47
CUST0023,26,Male,South,2446922.26,Current,1,3,32,27884.51
CUST0024,45,Male,South,2063381.65,Savings,3,1,47,833694.16
CUST0025,57,Male,West,2411068.62,Current,2,1,9,1113588.74
CUST0026,36,Male,East,1373278.9,Savings,1,1,40,732676.8
CUST0027,46,Male,East,541419.64,Current,0,3,32,137250.51
CUST0028,68,Male,North,1505510.88,Salary,0,3,20,1458967.47
CUST0029,49,Male,West,1299630.14,Savings,1,3,28,781835.54
CUST0030,51,Female,West,2157585.58,Salary,1,0,33,925137.5
CUST0031,66,Female,North,515781.68,Salary,2,5,4,362548.58
CUST0032,52,Male,West,1374130.5,Savings,0,0,46,730412.15
CUST0033,40,Female,West,630107.06,Savings,1,1,34,649432.74
CUST0034,39,Female,South,1014287.04,NRI,0,5,48,121594.8
CUST0035,68,Male,East,1922185.57,NRI,1,2,3,168178.93
CUST0036,27,Male,West,1347239.88,NRI,0,1,26,1257834.05
CUST0037,61,Male,South,1126954.23,Salary,3,4,8,367331.73
CUST0038,31,Female,East,1167847.81,Salary,2,0,6,300487.82
CUST0039,45,Female,North,1310782.89,NRI,0,3,16,762318.06
CUST0040,33,Male,South,2027036.4,Salary,3,0,24,1155433.23
CUST0041,63,Male,South,2262586.32,Salary,0,3,48,102300.31
CUST0042,42,Male,East,2401736.31,Savings,0,5,39,869443.8
CUST0043,28,Female,North,2031187.45,Savings,3,4,30,187623.56
CUST0044,49,Female,South,993895.17,Salary,0,5,45,64326.97
CUST0045,38,Female,West,1813896.35,NRI,0,4,13,88588.49
CUST0046,33,Female,West,1262726.87,Current,2,0,5,1252904.52
CUST0047,50,Male,West,860275.37,NRI,3,3,25,185779.0
CUST0048,26,Male,North,2149917.47,Current,3,5,20,77275.53
CUST0049,44,Male,South,384537.97,NRI,1,4,18,662470.83
CUST0050,52,Male,West,2283876.38,Savings,0,1,47,1267550.27
CUST0051,31,Female,North,1315250.42,Salary,2,1,18,400988.48
CUST0052,68,Female,West,1701843.25,Salary,0,5,2,638351.8
CUST0053,32,Male,East,1750578.63,Savings,0,3,10,69484.57
CUST0054,59,Male,South,2269259.03,Current,1,5,45,679126.99
CUST0055,38,Female,South,1700673.3,Current,0,0,50,870643.49
CUST0056,41,Male,North,1650653.89,Current,2,4,47,860651.51
CUST0057,60,Female,North,446634.49,Savings,2,0,12,505315.77
CUST0058,64,Male,South,1440497.65,Current,1,1,47,480144.44
CUST0059,28,Male,West,630371.8,Savings,0,4,13,168869.19
CUST0060,26,Male,West,1922354.29,NRI,2,5,50,556529.5
CUST0061,30,Male,East,1426888.23,NRI,0,0,47,158247.06
CUST0062,66,Male,West,1796501.11,Savings,0,2,11,1152227.96
CUST0063,28,Male,North,391680.38,Salary,0,3,19,1449748.7
CUST0064,53,Male,North,486542.44,NRI,1,3,35,1455410.94
CUST0065,42,Female,West,1875911.45,Current,0,2,39,1298955.94
CUST0066,50,Female,North,458585.54,Savings,2,1,26,905180.3
CUST0067,68,Female,South,456764.8,Current,0,4,46,1054289.89
CUST0068,58,Female,South,326638.65,Current,2,3,14,434956.65
CUST0069,34,Female,West,2404303.08,Salary,0,2,45,949847.93
CUST0070,60,Male,South,1922518.39,Current,2,5,44,688917.83
CUST0071,38,Male,South,1077153.1,Salary,2,2,24,728205.84
CUST0072,55,Female,East,952378.28,NRI,0,1,41,1139087.07
CUST0073,39,Male,East,1069347.11,Savings,0,1,1,430058.35
CUST0074,32,Female,South,2004237.77,Current,2,0,43,483879.02
CUST0075,38,Female,West,1755015.34,Savings,3,3,22,1387716.27
CUST0076,47,Male,East,707430.25,Current,1,0,23,93774.2
CUST0077,64,Male,North,683040.54,Savings,3,2,19,733595.1
CUST0078,45,Male,North,516470.43,Current,3,4,18,1370073.19
CUST0079,40,Female,North,1752665.98,Current,0,4,12,919440.88
CUST0080,69,Male,West,1981619.86,Current,1,1,28,824146.54
CUST0081,42,Female,South,883102.14,Current,3,4,28,382118.83
CUST0082,48,Female,North,346078.91,Current,0,4,33,521480.48
CUST0083,50,Female,West,480777.67,Current,3,4,19,1279552.14
CUST0084,49,Male,East,2429292.08,Current,3,2,28,843235.02
CUST0085,69,Male,South,949978.51,Current,0,4,49,776965.87
CUST0086,65,Female,East,1992290.93,Current,0,5,37,158373.77
CUST0087,53,Male,West,1674259.85,Savings,0,4,26,33881.95
CUST0088,39,Male,North,1140267.21,Salary,1,4,35,1445890.93
CUST0089,69,Male,North,752511.98,Current,3,0,34,571709.39
CUST0090,25,Female,West,567050.12,Salary,0,2,35,908787.46
CUST0091,49,Female,North,1653028.53,Current,2,1,40,128775.46
CUST0092,31,Male,South,2004194.32,Current,3,0,16,1027840.29
CUST0093,33,Female,West,1716589.36,Savings,2,3,38,1399524.4
CUST0094,48,Male,East,1466664.69,NRI,1,2,13,867741.23
CUST0095,25,Male,West,392292.69,NRI,0,5,23,197911.83
CUST0096,68,Male,South,2430675.31,Savings,2,2,22,876765.08
CUST0097,32,Male,South,2057171.22,Salary,1,3,16,1151857.35
CUST0098,48,Female,West,944208.48,NRI,0,3,28,615560.64
CUST0099,35,Female,West,2455934.72,Savings,2,3,48,1320958.24
CUST0100,41,Female,North,1624139.5,Savings,2,1,35,976537.6
CUST0101,32,Male,South,1581329.85,NRI,1,4,45,1349880.89
CUST0102,59,Male,West,1945760.99,Salary,0,2,46,939022.91
CUST0103,59,Male,West,2085893.53,Savings,0,4,8,205619.08
CUST0104,57,Female,South,1744252.94,Current,2,4,44,471440.65
CUST0105,29,Male,West,581810.64,Salary,2,5,22,310674.47
CUST0106,66,Female,North,1044188.51,Salary,2,3,21,1364151.48
CUST0107,63,Female,South,2341784.01,NRI,0,1,26,1142996.1
CUST0108,65,Female,North,794154.35,NRI,1,5,40,1017833.57
CUST0109,52,Female,North,1118767.45,Current,1,0,21,458439.82
CUST0110,31,Female,North,1250569.14,Savings,0,1,25,284226.71
CUST0111,33,Female,North,1266690.98,NRI,3,4,41,1137112.12
CUST0112,32,Male,South,1648467.08,NRI,1,1,1,716495.34
CUST0113,36,Male,North,2374766.84,Salary,2,3,6,346426.43
CUST0114,58,Female,North,829523.97,NRI,3,0,23,928766.75
CUST0115,57,Female,West,567303.03,NRI,3,3,23,70097.44
CUST0116,47,Male,South,734435.08,NRI,1,0,43,495993.68
CUST0117,48,Female,South,2251234.78,NRI,3,5,43,708149.92
CUST0118,61,Female,East,1720783.79,Salary,3,4,23,230457.92
CUST0119,59,Male,South,928994.94,Current,1,0,32,1477135.17
CUST0120,68,Female,South,2095083.27,Current,1,0,30,321555.07
CUST0121,64,Female,East,2195013.99,Savings,3,0,13,204226.16
CUST0122,46,Female,South,2162331.55,NRI,2,1,43,313266.96
CUST0123,51,Male,South,2321638.37,Salary,0,5,18,1155901.09
CUST0124,59,Male,South,854930.24,Savings,3,1,23,644003.43
CUST0125,25,Male,South,1961092.24,Savings,3,4,15,852469.75
CUST0126,59,Female,East,1313186.89,Current,2,0,33,41303.64
CUST0127,61,Female,South,2152396.82,Salary,3,5,21,61302.65
CUST0128,38,Male,South,1902679.49,Salary,3,5,39,674280.07
CUST0129,27,Female,East,2008184.38,Salary,0,2,23,1226816.31
CUST0130,25,Female,West,1743556.04,Current,0,4,27,1329005.93
CUST0131,29,Female,North,690343.29,Current,0,5,45,139192.79
CUST0132,50,Female,West,1499059.22,Current,1,0,44,812161.02
CUST0133,38,Female,East,2466273.43,Current,1,0,18,1370712.23
CUST0134,63,Male,North,2362253.75,Current,0,5,24,588079.4
CUST0135,51,Female,East,394982.22,NRI,0,1,47,1246053.09
CUST0136,33,Male,East,662592.59,NRI,1,4,40,209206.53
CUST0137,39,Female,South,589803.3,Salary,2,0,42,1403737.79
CUST0138,39,Male,North,1897155.8,Savings,3,5,7,1129620.74
CUST0139,50,Female,South,2099127.73,Salary,3,0,50,1412588.25
CUST0140,66,Male,North,769725.01,Savings,0,5,48,1018159.68
CUST0141,37,Female,East,1412875.92,Current,2,4,20,551471.86
CUST0142,56,Male,East,2149546.66,Savings,1,5,27,1407889.95
CUST0143,63,Female,West,1912163.4,Salary,0,2,6,420594.5
CUST0144,56,Male,North,1492921.85,Salary,2,5,27,504937.06
CUST0145,28,Female,South,1598764.92,Savings,2,5,9,1054204.54
CUST0146,54,Male,West,1418393.2,NRI,2,4,45,1150321.29
CUST0147,61,Male,West,954606.59,Current,1,5,31,1394811.19
CUST0148,47,Female,West,1543048.38,Current,1,4,21,315155.59
CUST0149,63,Female,South,1815547.66,Salary,3,2,26,1199017.07
CUST0150,69,Male,West,2221310.41,NRI,3,4,40,1110433.62
CUST0151,39,Female,South,1699840.98,Savings,2,0,48,105053.89
CUST0152,67,Male,West,1974467.38,Current,2,4,45,586962.48
CUST0153,53,Male,South,652157.6,NRI,1,2,13,431320.53
CUST0154,60,Male,East,1315426.44,Current,3,3,49,463690.73
CUST0155,37,Female,East,320529.56,NRI,2,5,23,1474590.85
CUST0156,56,Male,East,842693.5,NRI,3,4,20,967738.35
CUST0157,31,Male,East,1898215.77,Salary,3,5,37,1079337.48
CUST0158,46,Female,East,2481981.89,Current,2,1,28,1465160.28
CUST0159,52,Female,West,518191.82,Savings,1,0,17,572030.66
CUST0160,26,Female,West,1183287.49,Salary,2,0,28,1204741.85
CUST0161,66,Female,West,2060156.13,Salary,2,1,41,657451.14
CUST0162,69,Male,South,748878.4,Savings,3,1,2,1305605.17
CUST0163,30,Male,South,1521186.89,Salary,2,4,25,279179.74
CUST0164,52,Male,South,1912756.85,NRI,1,1,50,1422052.4
CUST0165,52,Male,South,1655167.99,NRI,2,3,41,335969.85
CUST0166,68,Female,East,713654.42,Current,1,5,6,496068.56
CUST0167,68,Male,East,1081846.05,Current,1,5,11,1136726.43
CUST0168,44,Male,East,2024341.93,Savings,3,2,38,596695.16
CUST0169,54,Female,North,1519298.33,Current,0,1,6,916234.95
CUST0170,35,Male,West,311505.15,NRI,0,1,45,672414.52
CUST0171,52,Male,South,1974179.67,Savings,3,3,11,1116131.21
CUST0172,49,Male,South,377684.98,Savings,2,0,14,350213.57
CUST0173,63,Male,East,1940614.32,Current,3,0,2,97102.4
CUST0174,57,Male,South,745457.23,NRI,1,5,40,456894.8
CUST0175,25,Male,South,2407761.66,Savings,0,5,3,716719.91
CUST0176,51,Female,West,1109469.65,NRI,3,4,35,260349.88
CUST0177,37,Female,East,1019249.56,NRI,2,3,33,538647.96
CUST0178,65,Male,West,627553.71,NRI,3,2,24,605974.7
CUST0179,27,Male,North,972329.27,Current,0,2,19,95513.85
CUST0180,63,Female,North,2228631.68,Salary,3,3,18,879127.8
CUST0181,30,Male,North,2491935.54,Salary,3,2,49,1327671.71
CUST0182,32,Male,East,1110280.97,Savings,0,0,24,236096.94
CUST0183,51,Male,South,1286943.39,NRI,1,2,45,900733.94
CUST0184,33,Female,East,1888556.06,Current,1,2,35,1000461.42
CUST0185,61,Male,East,2249630.72,NRI,0,3,1,634808.67
CUST0186,57,Female,South,1604697.54,NRI,3,3,36,1054635.41
CUST0187,66,Male,West,1161356.54,Current,0,2,25,621990.0
CUST0188,68,Female,North,1207768.05,Salary,1,1,45,761909.56
CUST0189,48,Female,West,1830359.92,NRI,2,3,49,20956.04
CUST0190,39,Male,North,307080.18,NRI,3,4,43,1040662.97
CUST0191,56,Female,East,1663096.54,Salary,1,4,34,995400.59
CUST0192,56,Male,North,1082084.62,Current,3,0,25,67217.31
CUST0193,48,Female,East,2047234.13,Savings,0,2,16,558692.66
CUST0194,65,Male,West,504579.41,Salary,2,1,34,1468757.44
CUST0195,36,Male,East,1594044.99,Savings,0,0,29,636897.48
CUST0196,63,Female,West,1358140.36,Savings,2,2,19,757898.65
CUST0197,26,Male,South,1713116.16,Salary,3,3,23,1365795.94
CUST0198,27,Male,South,442677.91,NRI,3,4,19,1078720.2
CUST0199,61,Female,South,1575964.33,Savings,0,5,25,877284.5
CUST0200,41,Male,East,1535266.09,Savings,2,1,16,1198728.98
CUST0201,26,Male,South,1533452.21,Current,2,5,9,1297905.74
CUST0202,26,Female,North,1627672.87,NRI,3,4,1,690763.23
CUST0203,52,Female,West,1788229.46,Savings,0,5,42,717911.46
CUST0204,47,Male,West,2070975.8,Current,2,3,19,585215.89
CUST0205,61,Male,North,893605.58,NRI,3,2,33,1450392.15
CUST0206,56,Female,East,2115108.7,Salary,1,3,34,1048777.72
CUST0207,57,Female,East,1396162.5,Salary,0,5,16,134002.37
CUST0208,25,Male,West,469528.21,Current,1,3,44,1295809.84
CUST0209,43,Female,South,428812.04,Salary,0,4,40,726034.31
CUST0210,26,Male,East,1035324.3,Savings,3,1,18,112443.32
CUST0211,68,Male,East,2026773.35,NRI,2,3,34,829078.71
CUST0212,50,Male,North,1856898.06,Savings,2,4,25,631574.78
CUST0213,56,Male,North,2034952.92,Savings,2,1,45,1317846.61
CUST0214,30,Male,South,1437991.92,Salary,0,2,6,313951.96
CUST0215,56,Female,East,1268437.8,Savings,3,5,21,1241432.27
CUST0216,28,Female,East,624395.56,Salary,1,2,6,840956.15
CUST0217,35,Female,North,1022024.06,NRI,3,0,32,91369.35
CUST0218,41,Female,East,1254842.61,NRI,1,4,41,1458049.5
CUST0219,62,Male,West,494920.95,Savings,0,1,48,773796.71
CUST0220,48,Male,North,785346.3,Current,0,3,43,443406.51
CUST0221,29,Male,South,1616095.65,Salary,1,2,39,709416.19
CUST0222,58,Male,North,1918458.85,Salary,1,1,31,1288208.1
CUST0223,30,Female,East,2496364.53,Savings,1,4,42,464305.66
CUST0224,46,Male,South,2352849.33,Salary,3,0,10,297087.83
CUST0225,35,Male,North,1713643.44,Salary,1,2,30,202316.16
CUST0226,40,Female,West,1226745.72,Current,0,5,18,453810.5
CUST0227,57,Female,West,1699590.2,Current,0,1,24,1172271.65
CUST0228,33,Female,North,2028433.56,Savings,2,5,9,712723.28
CUST0229,30,Female,West,560339.62,Current,1,1,31,348947.59
CUST0230,40,Male,West,1201790.76,Savings,3,1,15,257615.65
CUST0231,53,Male,West,2147565.03,NRI,3,4,4,505766.92
CUST0232,27,Female,South,1144432.49,Savings,3,4,40,1410487.32
CUST0233,44,Male,West,1558119.0,NRI,2,4,9,521109.8
CUST0234,60,Male,West,1593092.59,Savings,0,3,45,1482304.87
CUST0235,43,Male,West,705847.76,Salary,3,1,9,732993.38
CUST0236,50,Female,South,1096917.97,Current,0,2,26,276954.24
CUST0237,27,Male,North,1035924.84,NRI,2,5,4,1337798.74
CUST0238,43,Female,East,357632.76,Savings,1,4,17,695929.51
CUST0239,44,Male,West,353221.88,Current,1,4,16,1067410.3
CUST0240,56,Male,North,2129733.5,Savings,1,5,15,1475730.26
CUST0241,31,Male,West,900755.78,Current,3,5,35,84761.27
CUST0242,65,Female,South,1439773.29,Current,1,1,5,154074.89
CUST0243,57,Male,North,957196.26,Savings,3,4,5,1083480.54
CUST0244,64,Female,South,2369494.34,NRI,2,5,20,429919.25
CUST0245,63,Female,West,870452.87,NRI,2,3,15,284609.08
CUST0246,42,Female,West,1245244.99,Salary,3,3,18,68649.2
CUST0247,64,Male,South,2220006.55,Current,0,4,47,42551.6
CUST0248,25,Male,East,2152253.85,Salary,1,5,2,1163983.55
CUST0249,35,Male,South,709423.12,Salary,1,1,29,210305.81
CUST0250,52,Male,West,2065815.28,Savings,1,1,13,706903.72
CUST0251,49,Female,South,1308011.15,Savings,3,1,4,912786.25
CUST0252,47,Female,East,1362531.52,Savings,2,0,42,648244.18
CUST0253,55,Female,South,593655.94,Current,1,4,45,50388.91
CUST0254,54,Male,East,477323.33,Savings,2,1,10,1177417.24
CUST0255,66,Female,East,1901466.48,Savings,1,3,31,25664.7
CUST0256,59,Male,South,1392214.54,Current,1,5,41,1145215.94
CUST0257,31,Female,South,1261071.55,Current,3,2,8,1341023.7
CUST0258,40,Male,North,1904918.1,NRI,0,2,3,654931.48
CUST0259,50,Male,West,1984128.38,Savings,3,1,48,807958.28
CUST0260,26,Female,East,649597.97,Savings,1,2,46,720705.26
CUST0261,25,Female,North,1642495.33,Savings,1,2,9,589920.84
CUST0262,36,Female,South,597778.98,NRI,0,0,30,1332262.56
CUST0263,29,Female,West,1953025.19,Savings,2,3,11,1341960.93
CUST0264,61,Male,North,1745301.34,NRI,2,3,35,510366.38
CUST0265,56,Female,East,2404552.17,Salary,1,0,37,926453.93
CUST0266,33,Female,North,451707.64,NRI,2,0,42,1391092.27
CUST0267,65,Female,East,425520.39,Salary,1,2,13,1443467.16
CUST0268,59,Male,South,920811.56,Savings,0,4,36,768348.97
CUST0269,43,Male,West,875752.5,Salary,0,5,13,684708.96
CUST0270,40,Female,West,843353.36,NRI,1,5,12,425254.53
CUST0271,27,Male,West,2293760.08,Current,0,2,37,1438719.09
CUST0272,44,Female,South,849001.64,Salary,3,5,10,222793.31
CUST0273,48,Male,East,898289.4,Salary,3,0,9,873946.07
CUST0274,57,Male,South,1970676.18,Savings,0,3,7,430999.9
CUST0275,48,Male,West,1289427.65,NRI,1,5,2,425722.35
CUST0276,35,Male,South,2008763.23,Salary,1,2,23,613403.2
CUST0277,32,Female,South,443805.55,Salary,0,4,39,1498201.47
CUST0278,60,Female,South,1372656.63,Salary,2,2,40,91899.8
CUST0279,62,Female,East,373949.92,Salary,3,1,39,872027.31
CUST0280,64,Male,North,437837.05,Current,2,2,21,133032.52
CUST0281,44,Female,North,2294162.4,NRI,1,0,23,240236.04
CUST0282,59,Female,South,606339.82,Savings,1,3,29,664948.78
CUST0283,49,Female,North,1471325.5,Savings,2,3,14,770585.6
CUST0284,59,Male,North,1204410.33,Current,0,5,26,395600.69
CUST0285,49,Male,South,1064155.32,NRI,2,0,5,481521.13
CUST0286,53,Male,South,2279633.36,Salary,2,1,31,139580.86
CUST0287,42,Female,West,348011.47,Current,3,0,25,461797.48
CUST0288,42,Female,North,1760337.31,NRI,3,2,31,1450172.07
CUST0289,26,Female,East,2419467.76,Salary,2,0,50,1417614.0
CUST0290,59,Male,South,1532370.0,Current,2,0,20,508968.65
CUST0291,40,Male,West,2361009.42,NRI,1,1,44,860572.37
CUST0292,65,Female,East,414967.33,Savings,3,2,17,1365297.13
CUST0293,60,Male,North,1221345.3,Savings,3,4,45,19213.9
CUST0294,57,Male,West,872347.14,NRI,1,4,2,1217918.52
CUST0295,28,Male,South,1907806.12,Savings,0,3,25,1423070.63
CUST0296,57,Male,East,2458853.6,NRI,3,5,13,146075.34
CUST0297,38,Female,South,864366.14,Salary,3,0,39,250557.05
CUST0298,45,Male,North,1739184.12,NRI,0,3,28,1441511.99
CUST0299,44,Male,East,735814.79,Salary,3,1,42,810934.81
CUST0300,32,Male,North,1543726.56,Current,3,4,6,31152.99
CUST0301,31,Male,North,1320651.47,NRI,0,0,3,393871.68
CUST0302,27,Female,West,2438411.73,Current,0,1,35,680416.07
CUST0303,41,Female,South,1638760.0,Savings,2,5,18,1042434.28
CUST0304,57,Male,East,1068914.02,Salary,1,1,11,1102408.96
CUST0305,36,Male,North,551010.73,NRI,1,0,20,1493178.05
CUST0306,46,Male,North,632743.02,Current,0,5,5,438391.69
CUST0307,46,Male,East,795697.25,Salary,0,1,19,811947.95
CUST0308,54,Male,North,852126.65,Salary,3,5,22,804652.09
CUST0309,62,Male,West,2171355.33,Savings,2,0,19,614411.44
CUST0310,62,Female,West,1534690.13,Savings,2,0,47,262051.22
CUST0311,69,Male,West,1451460.01,Salary,0,5,16,1466410.28
CUST0312,32,Female,West,552491.52,Salary,3,2,24,1281442.61
CUST0313,51,Female,North,2192307.33,NRI,3,3,41,752516.21
CUST0314,51,Male,East,1890191.47,Salary,1,1,4,908835.68
CUST0315,58,Female,East,448870.4,NRI,1,1,15,348618.97
CUST0316,45,Female,East,1857237.21,Salary,3,2,25,820242.73
CUST0317,54,Female,East,1495784.08,Savings,1,2,44,1045505.5
CUST0318,57,Female,South,479795.76,NRI,0,2,35,777598.87
CUST0319,52,Female,East,1308261.41,Current,3,4,14,1485524.9
CUST0320,57,Female,South,1366331.83,Savings,1,4,49,920899.07
CUST0321,29,Male,South,664703.99,NRI,2,5,19,562750.83
CUST0322,43,Female,West,2380535.92,NRI,3,4,38,1160506.52
CUST0323,28,Female,South,2169945.82,Current,3,0,36,263989.14
CUST0324,59,Female,North,1771849.14,NRI,2,5,7,582928.56
CUST0325,41,Male,South,1317050.23,Salary,0,1,30,526968.84
CUST0326,68,Female,West,1205884.19,Current,2,3,19,653392.57
CUST0327,52,Male,South,1732141.63,Savings,3,0,49,1174851.94
CUST0328,54,Female,North,1499950.11,Savings,0,1,25,731417.82
CUST0329,53,Male,North,437000.83,Salary,1,1,16,1193081.53
CUST0330,30,Male,North,1427505.83,Savings,1,5,47,868968.47
CUST0331,59,Female,West,2074087.96,NRI,1,2,40,519683.46
CUST0332,65,Female,West,1310327.73,NRI,3,2,8,1216868.33
CUST0333,61,Male,East,414304.47,Salary,2,0,18,365051.61
CUST0334,48,Female,West,2029812.04,Savings,0,2,28,344330.64
CUST0335,53,Male,North,743000.32,Savings,1,1,16,761709.36
CUST0336,55,Male,North,868965.84,Salary,0,2,19,398665.38
CUST0337,59,Male,West,662353.98,Current,3,4,42,23539.68
CUST0338,57,Male,South,1026473.14,Savings,1,2,17,975963.32
CUST0339,45,Male,West,1964853.31,Current,3,1,45,771529.79
CUST0340,56,Female,West,1442648.89,Savings,2,5,13,673821.54
CUST0341,47,Male,North,750738.8,Savings,3,0,7,1450783.09
CUST0342,57,Male,East,2231226.17,Savings,3,3,27,861086.78
CUST0343,27,Female,North,2235080.08,Savings,2,2,10,1296513.05
CUST0344,42,Male,East,2215272.54,NRI,0,1,34,217780.85
CUST0345,49,Female,North,825351.67,Current,2,3,36,858117.63
CUST0346,66,Female,West,1292726.56,Current,2,3,25,1303289.64
CUST0347,55,Female,North,2466977.24,Savings,3,4,6,878827.58
CUST0348,27,Male,North,1998427.45,Savings,0,3,24,1079841.13
CUST0349,64,Male,North,359768.33,Current,1,5,18,564344.92
CUST0350,48,Male,West,443450.1,NRI,2,1,23,147749.78
CUST0351,56,Female,West,1320649.03,Salary,0,1,6,692271.44
CUST0352,46,Male,West,2300284.45,Salary,2,2,29,597774.29
CUST0353,47,Female,West,1485143.96,Current,2,2,25,1301919.67
CUST0354,26,Male,East,1395187.52,Savings,2,2,17,373553.0
CUST0355,51,Female,East,532042.14,Savings,2,5,46,1450434.0
CUST0356,66,Male,South,1744916.23,NRI,3,3,24,1437625.8
CUST0357,26,Male,West,2108626.95,Salary,0,3,11,378971.15
CUST0358,50,Male,East,1136924.02,NRI,0,4,26,528597.41
CUST0359,41,Female,North,2006346.07,Salary,0,5,34,1344378.05
CUST0360,64,Female,West,2421848.64,Current,2,2,28,1450267.11
CUST0361,57,Male,South,748286.21,Salary,3,0,3,670724.26
CUST0362,33,Male,South,1451325.19,NRI,2,4,11,488285.6
CUST0363,67,Female,South,931703.51,NRI,2,0,38,793880.08
CUST0364,63,Female,North,2044279.72,NRI,0,3,14,1034776.12
CUST0365,53,Female,East,1570705.4,Current,2,4,26,417477.03
CUST0366,66,Male,North,1696081.32,Salary,1,4,48,1107345.03
CUST0367,50,Female,West,2055411.15,Salary,2,1,21,86969.46
CUST0368,59,Male,South,1171135.04,NRI,1,3,39,83448.79
CUST0369,49,Female,North,2313198.15,Salary,2,3,30,585568.68
CUST0370,48,Male,North,1472663.51,Savings,3,5,8,536675.06
CUST0371,37,Female,East,647500.61,Savings,3,4,20,480293.49
CUST0372,31,Female,East,1830978.06,Savings,0,3,48,741619.45
CUST0373,60,Female,South,2045174.97,Salary,2,4,32,487893.04
CUST0374,69,Female,North,996875.69,Current,1,5,22,296464.3
CUST0375,44,Female,North,2185794.37,Current,1,5,7,471109.63
CUST0376,25,Male,East,2293515.16,Current,2,1,9,1462607.37
CUST0377,32,Female,North,909189.87,Current,1,4,45,622558.99
CUST0378,40,Female,North,2463747.24,Savings,3,3,1,672622.04
CUST0379,38,Female,North,609565.36,Savings,1,3,29,869052.04
CUST0380,36,Male,East,744434.47,NRI,0,4,8,1475177.74
CUST0381,47,Female,South,705294.65,Salary,3,4,4,369985.9
CUST0382,39,Male,West,2266777.36,Salary,3,4,35,1025110.34
CUST0383,52,Female,South,1739443.62,Current,3,2,3,1076817.19
CUST0384,58,Female,West,634629.42,Savings,2,3,45,914913.38
CUST0385,26,Male,North,1268711.52,Current,2,5,40,141981.73
CUST0386,56,Female,South,1653655.66,NRI,3,3,7,1018539.69
CUST0387,47,Male,West,483620.99,Salary,2,2,27,105501.12
CUST0388,46,Male,East,2241316.01,Salary,1,4,1,898252.55
CUST0389,49,Female,East,2067927.78,Current,2,1,27,1111975.95
CUST0390,46,Male,South,1411454.9,NRI,2,4,16,324345.14
CUST0391,46,Female,South,2427678.55,Salary,3,4,38,1264016.79
CUST0392,66,Female,North,1219074.15,NRI,0,2,7,55227.17
CUST0393,30,Male,South,2465042.7,NRI,0,3,44,1267281.17
CUST0394,39,Male,North,1769424.0,Current,0,4,23,695890.29
CUST0395,67,Male,North,1696276.8,Savings,1,3,41,334206.03
CUST0396,61,Male,East,665100.77,Current,2,0,11,209329.44
CUST0397,57,Female,East,2240241.07,Savings,0,5,42,1430427.68
CUST0398,32,Female,West,1240477.31,NRI,3,3,33,118271.73
CUST0399,68,Male,East,656913.49,Savings,0,1,50,306649.2
CUST0400,68,Female,East,327736.54,NRI,0,5,36,528255.3
CUST0401,29,Female,South,1531462.5,Salary,2,1,37,934149.92
CUST0402,63,Female,East,1460279.17,Salary,2,4,41,821753.62
CUST0403,28,Female,West,1882577.97,Salary,2,5,17,197208.8
CUST0404,30,Male,South,2258567.72,Current,1,3,35,441694.7
CUST0405,69,Male,West,474694.49,Current,1,5,48,365740.14
CUST0406,56,Female,East,1909292.28,NRI,0,4,5,328178.85
CUST0407,54,Male,West,712306.28,Salary,2,2,48,622605.06
CUST0408,59,Male,South,2187989.52,Current,0,1,32,1059006.86
CUST0409,64,Male,North,2101939.73,Salary,3,4,3,334004.87
CUST0410,40,Female,West,1489746.26,Current,3,2,47,556351.53
CUST0411,37,Female,West,1862534.16,Savings,2,5,35,592466.97
CUST0412,66,Female,South,991570.25,Savings,2,5,14,1464920.23
CUST0413,54,Male,South,1336569.38,Salary,3,4,48,1432452.87
CUST0414,43,Female,West,2107601.17,NRI,2,3,31,1202205.0
CUST0415,41,Female,East,1310383.43,Current,1,5,31,370071.79
CUST0416,43,Male,West,1087156.18,Current,1,3,17,111375.6
CUST0417,52,Female,South,1387267.38,Savings,2,3,24,482187.17
CUST0418,50,Female,North,2122148.36,Savings,3,3,23,407523.88
CUST0419,61,Male,North,1037457.7,NRI,0,0,18,763829.44
CUST0420,50,Male,East,682275.5,NRI,2,2,50,1168814.59
CUST0421,47,Male,West,1866430.84,NRI,2,2,14,1288901.18
CUST0422,33,Female,North,2117152.07,Salary,0,5,50,1268847.49
CUST0423,36,Female,West,521402.45,Savings,2,5,15,545916.59
CUST0424,25,Female,South,827723.05,Salary,0,3,15,1033979.17
CUST0425,25,Male,North,612338.38,Savings,3,0,6,476122.95
CUST0426,58,Male,East,1065471.11,Savings,1,3,27,100749.26
CUST0427,56,Female,South,1290772.15,Current,3,0,15,1055332.25
CUST0428,49,Female,East,1947417.94,Savings,1,3,50,24643.05
CUST0429,64,Male,South,1732524.69,Savings,0,1,36,619682.06
CUST0430,69,Male,North,1666042.85,Salary,1,1,8,500775.11
CUST0431,25,Male,East,1075224.88,Savings,3,4,15,1043132.53
CUST0432,40,Male,East,2151184.62,Salary,1,3,3,1151705.75
CUST0433,63,Female,South,1336831.77,NRI,0,5,47,463101.01
CUST0434,29,Male,East,2454030.86,Savings,1,2,13,1219324.25
CUST0435,46,Female,South,1695112.7,Savings,2,4,41,447935.97
CUST0436,53,Female,South,577782.43,Salary,3,5,34,675026.28
CUST0437,27,Female,South,1787590.64,NRI,2,1,24,1093257.61
CUST0438,36,Male,South,1015228.83,Current,0,3,40,1042451.14
CUST0439,50,Male,North,1809919.83,NRI,1,4,32,1481179.02
CUST0440,40,Male,South,453210.53,Salary,2,3,32,345489.93
CUST0441,61,Male,West,684739.16,NRI,2,1,30,996853.69
CUST0442,46,Female,East,2182621.97,Salary,1,4,49,918426.04
CUST0443,53,Male,West,799795.03,Salary,1,1,13,1373496.7
CUST0444,38,Male,North,2141490.48,Current,3,0,1,242979.59
CUST0445,52,Female,West,914407.39,Savings,2,1,34,1130179.26
CUST0446,29,Male,East,1714340.2,Salary,2,3,15,856720.24
CUST0447,54,Female,West,1827131.26,Salary,0,2,44,419252.15
CUST0448,29,Female,North,1427840.46,Current,3,1,14,716908.02
CUST0449,36,Female,South,971683.49,Salary,0,5,29,507327.13
CUST0450,40,Female,West,767817.63,Savings,2,2,34,873176.97
CUST0451,50,Female,North,373016.58,Current,0,0,18,1334610.91
CUST0452,50,Female,North,968682.08,Savings,2,4,7,858264.43
CUST0453,45,Female,East,1736958.14,Savings,2,4,29,951266.4
CUST0454,63,Female,East,2364270.6,Current,0,2,31,782934.29
CUST0455,60,Male,West,2216649.86,Salary,0,4,25,86236.6
CUST0456,57,Male,South,1985342.51,Savings,1,1,38,356959.25
CUST0457,54,Male,North,2034584.16,Savings,1,2,14,743082.58
CUST0458,61,Male,West,1762966.79,Savings,1,3,8,472250.57
CUST0459,47,Female,North,872631.09,Savings,2,1,27,280827.76
CUST0460,34,Male,North,2295829.07,Current,0,1,2,761157.93
CUST0461,29,Female,South,1775611.09,Current,3,1,17,490986.59
CUST0462,60,Male,South,1532969.39,NRI,2,3,37,394580.39
CUST0463,58,Male,West,544176.83,NRI,3,0,14,701338.27
CUST0464,55,Male,South,1283522.2,Savings,0,5,25,208593.54
CUST0465,34,Female,South,1312788.2,Salary,2,4,30,1392341.14
CUST0466,43,Male,West,2202039.94,Savings,3,2,29,1302876.13
CUST0467,56,Female,South,1502626.08,Salary,3,0,20,1064354.67
CUST0468,25,Female,East,1136881.21,Savings,1,2,21,168258.6
CUST0469,29,Male,North,2448960.72,NRI,1,4,22,1166057.11
CUST0470,69,Male,North,543585.31,NRI,1,3,35,1213856.42
CUST0471,28,Male,North,1229606.54,Salary,2,1,37,1153969.28
CUST0472,40,Female,North,392454.29,Savings,0,1,16,179809.17
CUST0473,48,Male,West,1927789.07,Salary,0,3,50,969422.86
CUST0474,40,Female,North,2319768.41,NRI,1,0,49,1253143.95
CUST0475,26,Female,North,916082.13,Savings,1,0,43,870256.57
CUST0476,52,Male,North,2188351.69,Savings,1,2,17,973146.99
CUST0477,56,Male,North,942880.11,Salary,3,3,16,692961.58
CUST0478,51,Female,East,2303694.36,Current,1,0,2,797773.91
CUST0479,44,Female,North,1958716.19,Salary,3,3,4,61221.52
CUST0480,48,Female,East,2070794.91,NRI,0,4,21,962054.9
CUST0481,36,Male,West,339614.42,NRI,2,1,39,131356.35
CUST0482,59,Female,South,2418182.79,NRI,2,1,34,658171.75
CUST0483,57,Male,North,1898676.18,NRI,2,1,30,446056.1
CUST0484,57,Female,South,970452.41,NRI,2,3,6,822687.65
CUST0485,67,Female,South,2124668.26,Current,3,3,17,208790.34
CUST0486,61,Male,West,919346.64,Savings,3,2,39,1040548.67
CUST0487,36,Female,South,2220058.45,Salary,1,1,25,1194567.19
CUST0488,27,Male,East,547676.86,Salary,3,2,5,253398.13
CUST0489,25,Male,South,1848109.15,NRI,1,1,5,165426.5
CUST0490,57,Female,South,1489536.65,Salary,1,2,20,226818.07
CUST0491,64,Male,South,512375.83,NRI,2,2,16,1316920.07
CUST0492,34,Male,North,832166.42,Current,3,4,41,797002.0
CUST0493,67,Female,North,327288.88,Current,3,2,37,706218.88
CUST0494,68,Male,East,1331289.52,Savings,1,3,40,169000.61
CUST0495,53,Male,East,962783.57,Current,1,2,9,977838.45
CUST0496,37,Male,North,1616386.47,Current,0,1,5,1303319.39
CUST0497,36,Female,East,953923.18,Savings,0,2,42,1243996.95
CUST0498,55,Male,North,959822.05,Salary,1,0,2,942821.52
CUST0499,26,Female,West,1935025.04,NRI,0,5,9,122165.29
CUST0500,59,Female,South,405914.24,NRI,0,1,43,177471.57
CUST0501,47,Male,South,2286368.99,Salary,1,0,36,83470.39
CUST0502,41,Male,East,2174980.52,Savings,1,1,22,393644.03
CUST0503,50,Male,North,1769170.3,Salary,3,3,22,212135.59
CUST0504,32,Female,North,1605087.45,Current,1,5,22,397471.58
CUST0505,53,Male,East,2263065.5,Savings,1,5,34,583736.5
CUST0506,50,Male,North,707726.39,Savings,2,3,29,1415044.35
CUST0507,34,Male,West,473732.16,Savings,3,5,38,919460.33
CUST0508,50,Male,South,826922.37,NRI,3,3,46,1254110.94
CUST0509,58,Male,East,2048072.21,Salary,3,0,33,1068423.74
CUST0510,65,Female,East,376274.59,Savings,2,4,18,177629.66
CUST0511,31,Female,North,1582175.04,Savings,1,1,7,1106521.41
CUST0512,28,Male,East,2489962.54,Savings,3,3,1,419897.33
CUST0513,69,Male,West,2182531.41,Salary,3,1,33,962270.69
CUST0514,35,Male,North,1447180.52,NRI,0,0,1,518033.34
CUST0515,53,Male,North,440010.0,Current,3,4,24,1496531.67
CUST0516,60,Female,North,2129021.73,NRI,1,0,4,402691.7
CUST0517,49,Male,North,1617752.72,Savings,1,5,4,425904.4
CUST0518,45,Female,West,552852.59,NRI,0,1,18,1396701.66
CUST0519,60,Female,North,506486.03,NRI,3,4,27,46720.16
CUST0520,34,Male,East,2301179.0,Current,3,5,43,1048066.59
CUST0521,61,Female,West,1772240.58,Salary,3,4,32,1090736.32
CUST0522,33,Female,South,2124430.96,Salary,2,5,33,1256204.08
CUST0523,48,Female,South,2233753.58,NRI,3,0,28,1461914.57
CUST0524,59,Female,East,1557899.17,NRI,1,3,42,1463646.86
CUST0525,59,Male,East,1438381.97,Salary,1,1,41,107262.37
CUST0526,60,Male,West,1246940.3,Salary,2,2,36,1234540.59
CUST0527,42,Female,South,997282.49,Current,2,2,6,973001.8
CUST0528,63,Male,South,1256111.11,Savings,3,0,16,974539.78
CUST0529,56,Male,South,2002535.24,NRI,0,1,34,201241.39
CUST0530,48,Male,South,1624231.55,Salary,2,1,23,978778.88
CUST0531,47,Male,South,2263551.24,NRI,2,0,50,1473899.05
CUST0532,56,Male,North,1275436.03,NRI,3,1,42,1368609.67
CUST0533,61,Female,East,1635597.07,Salary,3,3,24,664304.68
CUST0534,36,Male,North,1688876.62,Current,2,0,49,69522.48
CUST0535,37,Male,South,1601733.76,NRI,0,3,13,549817.3
CUST0536,47,Male,West,1845794.3,Current,2,1,18,1241321.56
CUST0537,49,Male,West,822353.63,Salary,3,0,13,1055233.66
CUST0538,59,Female,South,1427200.31,Savings,3,1,49,694422.05
CUST0539,65,Female,South,529294.57,Savings,2,0,37,92101.29
CUST0540,54,Female,West,1145924.92,NRI,0,1,43,646073.14
CUST0541,41,Female,North,1372867.55,Salary,2,3,39,708847.16
CUST0542,44,Male,North,1734893.37,Current,2,3,42,1393547.74
CUST0543,49,Female,South,2391168.32,NRI,3,1,17,965218.29
CUST0544,46,Male,North,1621432.35,Salary,0,0,15,474362.85
CUST0545,37,Male,West,1935906.62,Salary,1,2,18,792724.21
CUST0546,43,Male,North,1413785.33,Current,0,3,23,108422.41
CUST0547,60,Male,South,1695028.87,NRI,2,3,30,1459126.67
CUST0548,36,Male,West,456050.88,Salary,2,5,34,546489.25
CUST0549,65,Female,North,859661.48,Salary,2,2,4,722022.36
CUST0550,43,Female,East,1096076.81,Salary,0,1,3,539373.12
CUST0551,36,Female,West,1339485.38,Current,3,0,7,1026942.48
CUST0552,33,Female,West,400427.24,NRI,2,5,18,996725.92
CUST0553,31,Male,East,608053.01,NRI,2,1,42,1075830.24
CUST0554,52,Female,East,908991.48,NRI,0,4,7,409533.41
CUST0555,38,Male,West,2437371.92,NRI,1,3,40,480346.04
CUST0556,55,Female,East,1028963.42,Savings,1,4,6,196624.33
CUST0557,43,Male,South,1360490.33,Savings,3,3,22,986709.86
CUST0558,40,Male,South,731414.97,NRI,3,3,1,69297.72
CUST0559,29,Female,South,1643716.16,Current,2,4,4,900546.68
CUST0560,59,Male,West,917503.07,Savings,0,4,46,1305846.87
CUST0561,36,Male,East,755383.67,Salary,2,1,49,1337339.9
CUST0562,49,Female,East,1436459.78,Savings,3,5,50,679066.26
CUST0563,45,Male,North,312112.76,Salary,0,5,43,694362.5
CUST0564,60,Female,North,316860.87,NRI,0,4,29,124684.08
CUST0565,47,Female,East,781951.38,Savings,3,1,21,1009439.89
CUST0566,40,Female,East,380787.0,Current,1,5,26,1233676.54
CUST0567,63,Male,East,537656.66,Savings,1,1,14,374536.03
CUST0568,69,Male,West,1045493.43,Savings,0,1,9,637738.31
CUST0569,66,Male,East,2065688.5,Savings,2,3,47,1259870.61
CUST0570,63,Female,North,1558507.02,NRI,1,5,12,1316909.5
CUST0571,38,Male,West,1427869.0,Current,2,5,42,372338.17
CUST0572,55,Female,East,945675.41,Savings,1,3,6,830350.25
CUST0573,29,Female,North,2349858.18,Current,1,4,20,296814.79
CUST0574,59,Male,West,1173433.09,NRI,2,3,24,161799.36
CUST0575,47,Female,East,491604.09,Salary,3,5,27,1367569.55
CUST0576,53,Male,East,1657546.34,Savings,1,5,38,1232556.18
CUST0577,67,Male,East,550444.47,Current,1,4,8,1142452.0
CUST0578,35,Male,West,1059490.91,Current,2,3,1,82661.82
CUST0579,42,Male,North,1416306.27,NRI,3,0,49,1267155.9
CUST0580,36,Male,North,2223289.55,Savings,1,0,49,662685.67
CUST0581,33,Female,South,1385802.48,Salary,1,4,24,520168.73
CUST0582,34,Female,East,1844969.29,Current,3,3,47,824249.78
CUST0583,68,Female,South,2484197.05,Savings,1,3,7,146116.33
CUST0584,41,Male,South,589276.06,Salary,3,1,19,1137403.36
CUST0585,62,Male,North,904409.36,Current,3,5,22,877828.26
CUST0586,31,Male,West,1168067.37,Current,2,2,35,288019.24
CUST0587,37,Female,West,1228021.99,Salary,0,4,30,290465.98
CUST0588,64,Male,North,1204246.37,Salary,3,2,29,284530.49
CUST0589,66,Female,West,2296744.21,NRI,2,2,22,94933.56
CUST0590,33,Female,South,1870871.82,Savings,0,4,11,885819.69
CUST0591,51,Male,East,1637391.47,Savings,1,3,20,1262118.78
CUST0592,26,Male,North,980619.98,NRI,0,4,29,36072.34
CUST0593,29,Female,East,2112338.85,Current,3,2,41,83016.92
CUST0594,53,Male,West,2401133.13,Salary,3,5,42,863427.71
CUST0595,61,Female,East,2106636.22,Salary,3,5,34,1231048.57
CUST0596,62,Male,West,303443.23,Salary,3,5,1,496840.95
CUST0597,43,Male,West,1700083.01,Current,3,3,31,530925.45
CUST0598,32,Female,South,412497.84,Salary,2,0,30,898556.28
CUST0599,69,Male,West,866735.88,Salary,3,4,48,418577.2
CUST0600,25,Female,South,430954.34,NRI,2,5,18,49646.47
CUST0601,46,Male,South,1628350.0,Current,1,4,17,1105490.49
CUST0602,41,Female,South,1810497.81,Savings,3,5,38,942218.37
CUST0603,31,Female,North,551872.8,NRI,3,3,14,875326.44
CUST0604,49,Male,North,1144445.54,NRI,0,0,23,1115109.35
CUST0605,69,Female,West,1303720.32,Savings,1,0,25,1016093.95
CUST0606,28,Male,South,1111916.65,NRI,3,5,15,316764.16
CUST0607,60,Male,North,566255.0,Current,3,3,46,535196.76
CUST0608,30,Male,South,1221685.14,Salary,1,1,22,197904.11
CUST0609,55,Female,East,1952591.71,Current,2,4,3,203486.95
CUST0610,43,Female,East,456216.86,Savings,3,4,19,1017531.66
CUST0611,68,Male,East,476396.03,Savings,0,2,44,1289314.16
CUST0612,63,Male,West,1080496.84,NRI,3,3,34,1444471.55
CUST0613,51,Female,South,2371796.57,Current,0,2,35,946237.21
CUST0614,34,Male,East,1770859.82,Current,0,5,50,284310.97
CUST0615,50,Male,North,1793073.9,Savings,3,2,1,167419.01
CUST0616,43,Female,East,1096223.98,Current,3,0,21,1221147.95
CUST0617,63,Male,East,1606053.74,Savings,0,4,29,872347.15
CUST0618,27,Female,East,322288.6,Current,1,2,6,931244.68
CUST0619,69,Male,West,1699411.3,Current,1,0,37,1174378.51
CUST0620,37,Female,North,2309231.28,Current,3,3,1,1057883.07
CUST0621,52,Male,South,1647661.63,Savings,2,2,1,1253342.8
CUST0622,44,Male,North,2222136.91,NRI,1,5,27,93758.72
CUST0623,52,Female,South,1892740.72,Current,3,5,21,1123805.75
CUST0624,32,Male,West,565228.52,Savings,1,5,16,1277770.61
CUST0625,65,Female,West,2285397.28,Savings,2,4,44,436341.21
CUST0626,63,Male,West,446176.46,Current,3,2,40,964266.44
CUST0627,25,Female,West,1474728.44,Current,2,3,26,478101.48
CUST0628,27,Female,South,612701.67,NRI,3,2,16,1437376.89
CUST0629,37,Female,East,325754.54,Savings,2,4,28,59801.12
CUST0630,52,Female,South,1228475.37,Savings,1,0,1,873891.34
CUST0631,49,Male,North,949089.56,Salary,1,4,36,258090.29
CUST0632,57,Male,West,1369201.09,Savings,2,5,10,1071208.11
CUST0633,62,Female,West,1569839.75,NRI,2,0,43,272076.52
CUST0634,30,Female,North,396225.96,Salary,2,5,17,360721.06
CUST0635,68,Female,South,570607.25,Salary,3,1,23,746612.51
CUST0636,69,Male,East,1529013.27,Salary,1,4,7,1373104.08
CUST0637,56,Male,East,1054968.18,Current,3,4,44,325454.41
CUST0638,69,Male,North,1904181.67,Current,1,3,7,224917.63
CUST0639,45,Male,East,1735041.63,Savings,0,2,44,1140875.48
CUST0640,40,Female,South,2160329.6,Salary,3,0,15,755923.1
CUST0641,45,Female,South,1823484.22,NRI,1,0,34,1368559.82
CUST0642,35,Female,North,1245848.37,Current,1,3,46,228455.69
CUST0643,61,Male,South,1780526.57,NRI,3,3,45,972432.56
CUST0644,60,Male,West,905838.58,NRI,3,2,4,356989.93
CUST0645,59,Male,North,973889.7,Current,1,5,14,243573.04
CUST0646,43,Female,South,2035767.35,Current,3,2,14,1028309.83
CUST0647,44,Female,North,1282122.94,Current,2,4,16,894590.08
CUST0648,42,Male,East,2056436.75,Current,3,5,7,1134692.91
CUST0649,65,Female,South,2109329.22,Salary,3,1,32,471099.24
CUST0650,38,Male,West,2186637.14,Salary,3,2,19,677477.77
CUST0651,39,Male,South,2316597.52,Salary,1,3,2,614152.8
CUST0652,55,Female,North,1248167.49,Salary,2,5,10,1476293.3
CUST0653,25,Male,North,1001507.0,Savings,0,2,50,445450.95
CUST0654,27,Female,South,1580837.24,Salary,0,0,17,449277.69
CUST0655,40,Male,West,1116579.33,Current,2,1,37,538276.83
CUST0656,47,Female,West,1622363.17,NRI,2,4,12,851245.18
CUST0657,35,Female,West,1852288.9,Salary,2,0,6,385960.89
CUST0658,36,Female,North,1814491.04,Savings,1,0,22,1373782.01
CUST0659,34,Male,South,1124016.35,Current,0,1,32,405871.49
CUST0660,56,Male,East,667092.44,NRI,2,4,41,1344765.44
CUST0661,40,Female,North,1247164.54,NRI,1,3,20,164177.84
CUST0662,32,Female,West,613707.12,Salary,0,5,1,988278.43
CUST0663,62,Male,South,2258213.48,NRI,3,4,47,1361408.42
CUST0664,36,Male,West,1060930.41,Salary,1,2,6,261436.66
CUST0665,48,Male,East,639811.44,Salary,0,0,19,1452807.17
CUST0666,52,Female,West,355985.07,Current,1,2,18,684796.21
CUST0667,32,Male,West,1720809.25,Current,0,3,6,1419115.51
CUST0668,52,Male,East,1701185.1,Savings,0,2,45,1018461.87
CUST0669,60,Female,South,1049329.17,Current,3,4,33,459364.44
CUST0670,50,Male,North,457766.16,Current,1,2,23,290570.76
CUST0671,32,Male,South,1201183.57,Salary,2,3,23,462565.22
CUST0672,52,Male,East,984678.49,Current,3,3,26,148595.94
CUST0673,52,Female,West,1789665.41,Salary,3,3,13,224363.27
CUST0674,61,Female,South,1632714.35,Salary,0,4,7,165944.06
CUST0675,65,Female,North,1102106.2,Current,2,3,15,640185.88
CUST0676,60,Female,East,779363.62,Savings,1,0,44,1195411.78
CUST0677,51,Female,South,2473679.13,Savings,2,3,27,220661.5
CUST0678,41,Female,North,1298803.57,NRI,2,2,26,204177.45
CUST0679,33,Female,East,1814203.32,NRI,2,5,33,968709.13
CUST0680,57,Male,North,609216.53,Current,2,2,15,303802.64
CUST0681,44,Male,East,1368297.34,Savings,2,5,36,155438.96
CUST0682,37,Female,West,360580.78,Salary,0,2,45,258604.38
CUST0683,52,Male,South,1412001.26,NRI,0,4,27,1386359.78
CUST0684,53,Male,North,2420838.3,Salary,3,2,5,1233992.17
CUST0685,37,Female,East,1145254.77,NRI,0,4,2,537556.2
CUST0686,59,Male,North,385791.23,Current,3,4,33,987172.94
CUST0687,30,Male,North,368102.74,Savings,3,3,16,810540.75
CUST0688,42,Male,South,1153570.87,NRI,1,0,23,1018915.15
CUST0689,29,Male,West,652054.86,Savings,2,5,38,1027180.02
CUST0690,49,Male,North,351374.61,Salary,0,3,16,946813.68
CUST0691,26,Female,East,1963669.95,Current,1,3,14,406491.04
CUST0692,34,Female,East,1308750.62,Savings,0,4,29,68119.57
CUST0693,54,Female,West,936338.5,Current,3,4,26,688794.51
CUST0694,69,Male,East,2280183.0,Savings,0,5,35,1337551.09
CUST0695,29,Female,West,555505.71,Salary,2,2,15,858550.92
CUST0696,57,Male,East,2403021.42,Salary,3,2,3,1250262.65
CUST0697,25,Male,South,990726.78,Current,3,3,23,1487520.27
CUST0698,42,Male,North,2254488.08,Salary,1,1,29,253788.14
CUST0699,56,Male,South,1626474.33,NRI,2,1,34,1040748.68
CUST0700,35,Female,North,2118756.19,Savings,3,2,33,1014697.42
CUST0701,45,Female,North,2464828.96,Salary,2,1,41,1470133.62
CUST0702,50,Male,North,934491.96,NRI,0,2,41,1478545.09
CUST0703,49,Female,South,2414498.07,Current,2,4,23,1033151.13
CUST0704,46,Male,North,1156860.17,NRI,3,3,7,372986.04
CUST0705,51,Female,South,1148126.19,Current,1,0,3,1199848.2
CUST0706,37,Female,West,1048851.63,Current,3,3,32,169473.41
CUST0707,57,Male,East,1491096.74,Savings,2,2,31,1173241.96
CUST0708,58,Female,East,639119.09,Savings,2,2,18,1366192.22
CUST0709,65,Male,North,1518165.27,NRI,3,3,43,580421.76
CUST0710,59,Female,South,1491750.59,Savings,2,5,7,949646.59
CUST0711,25,Male,East,1976183.99,Savings,0,2,41,650912.67
CUST0712,45,Male,South,2134029.92,Savings,3,1,1,662269.93
CUST0713,30,Female,South,1268970.97,NRI,1,1,14,472452.62
CUST0714,52,Female,North,965133.15,Salary,3,2,32,1145573.13
CUST0715,41,Male,East,870536.77,Savings,0,2,6,1404903.08
CUST0716,29,Female,North,728172.44,Savings,0,5,39,1411718.78
CUST0717,55,Female,North,426824.68,NRI,0,1,10,270424.11
CUST0718,29,Male,East,1053385.55,Salary,0,2,7,1313368.04
CUST0719,62,Male,East,894544.92,Savings,0,2,26,1108772.85
CUST0720,27,Female,West,2426118.25,Current,1,5,34,386727.73
CUST0721,47,Male,West,1526959.42,NRI,2,5,30,110254.07
CUST0722,61,Male,South,1064009.49,Savings,0,3,36,409315.93
CUST0723,61,Male,East,1577028.72,Savings,0,5,21,1369190.27
CUST0724,34,Female,West,606232.74,Current,3,0,17,953436.23
CUST0725,34,Female,South,1276896.25,Current,1,1,33,1084371.44
CUST0726,43,Male,South,1677715.51,NRI,1,3,10,393157.0
CUST0727,41,Female,South,1375575.23,NRI,2,0,47,1081888.35
CUST0728,45,Male,West,1183913.36,Current,1,2,42,51901.04
CUST0729,38,Female,East,2486466.46,NRI,3,2,12,569228.81
CUST0730,33,Male,North,2236692.48,Current,3,3,16,943862.49
CUST0731,25,Male,South,1671493.11,Savings,2,5,41,227683.88
CUST0732,69,Female,West,1552630.19,Current,3,2,32,1236275.33
CUST0733,37,Male,West,1665453.06,Current,0,4,15,360196.64
CUST0734,28,Female,North,742886.64,Salary,0,3,27,981898.86
CUST0735,25,Female,North,1169303.04,Current,3,0,28,613743.74
CUST0736,64,Male,West,386810.97,Current,2,3,17,898104.96
CUST0737,56,Male,East,1346201.28,Salary,1,1,46,170101.32
CUST0738,58,Female,North,1494654.08,NRI,2,5,50,35200.07
CUST0739,52,Male,West,801049.42,Salary,1,5,2,1365251.0
CUST0740,55,Male,North,2420863.46,Savings,3,3,36,411748.71
CUST0741,32,Male,East,2300800.14,Salary,3,2,50,1231318.73
CUST0742,63,Male,South,1888715.12,Savings,0,2,7,1499031.95
CUST0743,50,Male,North,1473450.58,NRI,1,4,13,325032.57
CUST0744,58,Female,East,2213932.15,Salary,2,4,15,405104.4
CUST0745,27,Female,West,587435.16,Salary,3,5,25,997661.08
CUST0746,36,Male,North,2039121.55,NRI,2,4,23,1448518.47
CUST0747,25,Male,North,574605.79,Savings,0,0,22,1374563.38
CUST0748,68,Male,West,2047263.46,Salary,1,4,26,759284.52
CUST0749,29,Female,South,906688.65,Savings,1,0,33,1194714.32
CUST0750,54,Male,West,2229599.28,Salary,3,4,11,212261.32
CUST0751,54,Female,North,2376892.61,Current,1,5,10,1466382.89
CUST0752,41,Female,West,627351.13,Salary,3,5,25,1446886.32
CUST0753,47,Female,East,1317886.33,NRI,0,0,37,253956.15
CUST0754,39,Male,West,2458172.23,NRI,1,3,48,456140.46
CUST0755,61,Female,North,1363496.36,Savings,3,5,43,159230.95
CUST0756,45,Male,West,2199804.55,Salary,2,3,38,414859.22
CUST0757,38,Female,South,1595209.35,Savings,3,2,41,1225774.13
CUST0758,26,Male,West,1125725.8,Savings,1,0,45,573690.25
CUST0759,35,Female,South,928723.82,Current,0,5,24,141711.48
CUST0760,63,Male,East,747090.8,Current,1,1,40,519916.03
CUST0761,62,Female,South,1975956.02,NRI,1,2,46,1472261.17
CUST0762,58,Male,West,1150389.12,Savings,3,3,33,948228.56
CUST0763,62,Male,North,1424806.02,NRI,2,5,17,630079.81
CUST0764,58,Male,South,1383116.06,Salary,1,0,24,258142.39
CUST0765,42,Male,East,1570013.86,Savings,2,4,37,1479403.43
CUST0766,54,Female,South,2204269.72,Savings,3,1,2,1233065.02
CUST0767,39,Female,South,2457626.56,Salary,2,3,32,429401.18
CUST0768,51,Male,South,1196685.26,Salary,3,2,24,114402.36
CUST0769,58,Female,East,2120541.63,NRI,0,0,9,94372.08
CUST0770,62,Male,West,1981961.15,NRI,2,1,4,189363.44
CUST0771,57,Male,South,1561763.69,Salary,2,0,17,875345.19
CUST0772,48,Female,South,2403303.72,NRI,0,5,17,1393857.5
CUST0773,39,Male,North,741043.93,Salary,2,4,50,750147.71
CUST0774,54,Male,East,540381.26,Savings,0,2,48,1265988.77
CUST0775,66,Female,South,2178716.33,Savings,1,0,30,674371.06
CUST0776,41,Male,East,1266129.6,Current,3,3,40,1065789.48
CUST0777,29,Male,South,2163331.48,Savings,0,5,11,1100490.38
CUST0778,53,Male,West,2264798.45,Salary,2,5,21,269205.92
CUST0779,28,Male,West,437406.71,NRI,0,2,21,548211.93
CUST0780,34,Female,South,2243622.48,Current,2,5,18,959580.21
CUST0781,41,Female,West,1286301.92,NRI,1,3,29,115337.95
CUST0782,34,Female,South,1422951.48,Salary,0,0,24,548694.88
CUST0783,41,Male,West,1678503.52,Savings,1,2,10,806851.2
CUST0784,44,Male,North,2338041.73,Current,3,5,45,1494374.49
CUST0785,48,Female,North,342055.41,Salary,2,5,17,717055.01
CUST0786,29,Male,North,1349055.63,Current,2,3,18,1225924.57
CUST0787,58,Male,East,1812988.49,Current,1,4,42,653780.25
CUST0788,30,Male,East,1889955.31,Savings,3,4,48,1196622.18
CUST0789,26,Male,North,1823571.35,Salary,0,5,20,897168.05
CUST0790,37,Female,East,595757.28,NRI,0,0,37,1331027.21
CUST0791,67,Female,West,958670.29,Current,2,2,45,622304.4
CUST0792,67,Female,South,1089174.16,Current,1,5,18,910413.59
CUST0793,35,Male,South,2069761.86,NRI,1,1,17,948727.83
CUST0794,47,Female,South,913271.72,Salary,0,2,9,631900.58
CUST0795,40,Female,North,763550.92,Current,3,4,14,225024.95
CUST0796,55,Male,East,2406385.64,Current,3,5,49,149403.52
CUST0797,35,Male,West,319499.23,Current,0,3,29,34840.61
CUST0798,40,Female,West,2495205.88,Salary,0,1,31,1311566.05
CUST0799,32,Female,North,1789006.86,Salary,1,5,4,362347.62
CUST0800,28,Female,West,2122632.46,NRI,3,0,18,325145.06
CUST0801,64,Female,West,948162.67,Salary,0,1,20,1106692.75
CUST0802,28,Male,West,331493.61,Salary,0,5,47,486824.01
CUST0803,49,Female,West,1923312.94,Savings,2,0,43,764006.59
CUST0804,27,Female,East,2135118.11,NRI,0,1,44,252141.49
CUST0805,56,Male,West,1929047.49,Current,0,0,9,1440021.12
CUST0806,27,Female,South,614270.63,Salary,3,0,13,1278856.29
CUST0807,51,Male,North,1957541.43,Current,1,1,15,1297046.54
CUST0808,53,Male,East,1991630.12,Current,3,1,27,616092.89
CUST0809,56,Male,West,1748789.13,Savings,1,0,15,1145918.21
CUST0810,43,Female,East,1985455.05,Salary,2,4,28,224375.47
CUST0811,45,Female,West,2161027.17,NRI,0,1,37,22842.31
CUST0812,29,Male,South,1649929.05,Salary,2,5,19,39759.67
CUST0813,42,Female,North,494930.37,Current,1,2,26,884036.59
CUST0814,52,Female,West,1372781.18,NRI,3,3,26,688538.41
CUST0815,66,Male,West,470828.54,Salary,3,0,25,781842.87
CUST0816,46,Male,West,1196594.67,Current,2,0,26,21120.08
CUST0817,45,Female,West,1195634.28,Current,1,3,26,639803.06
CUST0818,30,Male,North,445221.66,Savings,2,4,46,1079921.56
CUST0819,25,Female,North,1067405.17,Savings,2,3,28,669613.62
CUST0820,29,Female,South,544195.82,Savings,0,1,49,1101006.62
CUST0821,65,Female,North,2078117.46,Current,2,3,18,357198.26
CUST0822,36,Female,West,2384913.66,Salary,0,0,32,1221581.59
CUST0823,50,Male,South,459096.25,Savings,0,3,3,886762.55
CUST0824,58,Male,South,2401253.46,Salary,3,2,2,324037.02
CUST0825,38,Male,South,1449668.52,Savings,0,5,33,362713.51
CUST0826,50,Male,West,959044.49,NRI,0,1,42,945765.39
CUST0827,69,Female,East,469096.57,NRI,3,3,19,1246609.99
CUST0828,51,Female,West,1401373.39,Savings,2,0,17,629285.4
CUST0829,33,Male,North,2047934.2,Current,1,5,44,394867.64
CUST0830,50,Female,North,1855590.25,Savings,1,1,33,1301847.29
CUST0831,46,Female,West,410497.23,Savings,1,0,12,1007209.75
CUST0832,54,Female,West,460384.04,Current,2,4,49,677647.38
CUST0833,67,Male,South,1186321.22,NRI,0,2,3,736971.29
CUST0834,41,Male,West,949639.09,Salary,1,4,43,314342.14
CUST0835,50,Male,South,811245.51,Savings,2,2,49,943935.92
CUST0836,60,Female,North,918209.9,Current,0,3,26,544526.34
CUST0837,25,Male,South,2067662.04,Savings,3,1,35,1493511.31
CUST0838,32,Male,West,2344301.72,Current,1,3,8,725473.44
CUST0839,59,Male,North,1191225.93,Salary,0,2,36,733969.55
CUST0840,39,Male,East,2293444.2,Salary,1,2,7,853119.16
CUST0841,46,Male,South,1007290.54,NRI,1,2,46,1375966.44
CUST0842,38,Male,North,1348161.37,Current,1,5,46,1203218.97
CUST0843,50,Female,South,797263.8,Current,0,0,36,682183.8
CUST0844,52,Female,North,1709047.29,NRI,2,1,16,1080861.91
CUST0845,47,Male,North,2453758.45,NRI,0,3,24,883490.89
CUST0846,38,Male,South,1627684.81,Current,1,3,1,743626.9
CUST0847,48,Female,East,1087190.99,NRI,0,4,49,296550.5
CUST0848,26,Female,North,1725198.38,Salary,3,2,25,701265.03
CUST0849,69,Male,North,570425.49,Savings,2,2,10,376269.69
CUST0850,50,Male,North,2255049.98,Salary,0,2,16,1373114.8
CUST0851,38,Male,East,1406784.69,NRI,3,3,16,509756.15
CUST0852,31,Male,East,1288569.43,Current,2,4,8,1428873.38
CUST0853,27,Female,West,1588902.53,Current,3,0,29,804252.38
CUST0854,47,Male,South,1674524.5,Salary,2,5,39,951001.12
CUST0855,67,Male,East,457906.77,Current,0,1,28,818981.26
CUST0856,69,Male,South,1801757.89,NRI,3,0,6,202777.12
CUST0857,42,Male,West,832249.7,Salary,1,3,16,569973.62
CUST0858,62,Female,South,1870695.79,Current,3,5,20,157727.71
CUST0859,59,Female,East,2109576.55,Savings,2,5,16,938201.53
CUST0860,39,Female,South,2068708.72,Savings,0,5,7,675842.55
CUST0861,49,Male,East,1515502.13,NRI,2,2,41,1169197.61
CUST0862,61,Male,South,1444373.76,Current,3,1,14,338501.02
CUST0863,52,Female,East,614327.11,NRI,3,3,43,255203.43
CUST0864,34,Male,East,2005761.53,Salary,1,3,26,615435.02
CUST0865,63,Male,South,897100.64,Savings,0,5,26,1390612.22
CUST0866,41,Female,West,1392729.93,Salary,0,3,14,1068528.5
CUST0867,63,Female,North,925403.0,Current,3,1,7,634196.2
CUST0868,46,Female,West,594422.4,NRI,0,1,33,780735.53
CUST0869,50,Female,South,1685026.93,NRI,1,4,26,135477.39
CUST0870,68,Male,West,419530.48,NRI,2,4,45,1477018.09
CUST0871,49,Male,East,1947019.52,Salary,0,0,20,1002946.88
CUST0872,41,Female,North,998690.95,Savings,3,1,3,435252.06
CUST0873,37,Male,South,300296.32,Salary,2,1,4,882854.51
CUST0874,44,Female,South,1424484.11,Salary,2,1,26,173128.73
CUST0875,49,Female,South,403074.2,Current,1,4,11,1449096.64
CUST0876,28,Male,North,907573.03,Current,3,5,2,270429.63
CUST0877,34,Female,East,1855348.27,Current,0,5,14,975565.17
CUST0878,27,Male,South,437917.17,Savings,3,3,44,375727.15
CUST0879,65,Male,West,2146544.68,Savings,2,5,30,1079166.46
CUST0880,69,Male,South,308403.83,Current,3,2,49,1167463.84
CUST0881,42,Male,South,843012.51,Current,0,4,12,1013395.4
CUST0882,60,Female,South,1929988.92,Savings,0,1,26,925604.2
CUST0883,46,Male,South,995794.33,NRI,1,5,44,1339778.95
CUST0884,58,Female,East,524163.25,Savings,0,4,33,127153.8
CUST0885,32,Female,West,1092514.62,Savings,0,5,13,503063.0
CUST0886,64,Female,East,894865.23,Savings,3,0,14,379948.34
CUST0887,68,Female,West,2153966.18,Current,3,1,24,1482140.8
CUST0888,43,Male,South,989365.42,NRI,2,0,34,590190.77
CUST0889,66,Male,North,2035651.44,Savings,1,1,44,1101592.92
CUST0890,65,Female,East,2262118.72,Current,3,4,26,1030240.49
CUST0891,61,Female,North,1254398.32,Salary,0,3,21,326001.04
CUST0892,30,Male,East,2301874.92,Salary,2,5,28,366106.54
CUST0893,50,Female,South,1130099.72,Savings,3,5,48,429114.0
CUST0894,58,Male,East,2420972.52,Salary,1,2,36,622579.64
CUST0895,69,Female,South,496436.95,NRI,1,0,40,359144.35
CUST0896,30,Male,East,1811442.39,Salary,2,5,2,39280.71
CUST0897,61,Female,South,1386390.89,Salary,2,4,42,1320295.65
CUST0898,57,Female,South,1152827.37,NRI,2,3,9,1448758.65
CUST0899,46,Male,West,1691966.13,Savings,2,4,23,518939.88
CUST0900,45,Female,South,1848485.6,Savings,2,0,15,514375.25
CUST0901,30,Female,West,309599.19,NRI,0,2,13,20566.8
CUST0902,30,Male,South,667296.8,NRI,0,5,23,1023573.53
CUST0903,28,Female,North,1868701.31,NRI,3,4,17,1239905.44
CUST0904,54,Male,South,1766047.91,Salary,1,1,48,228446.37
CUST0905,35,Male,North,2425304.51,NRI,0,3,2,247902.86
CUST0906,54,Female,North,1974283.14,Current,0,4,20,1187224.04
CUST0907,55,Female,South,2391699.96,Salary,0,3,20,928273.22
CUST0908,48,Female,North,1845589.1,Savings,3,5,46,76842.23
CUST0909,33,Female,West,955714.86,Savings,2,1,3,937595.02
CUST0910,27,Female,East,531802.83,Savings,3,2,12,470287.41
CUST0911,55,Female,South,2020012.5,Salary,1,2,40,559400.48
CUST0912,64,Female,North,1717128.29,Current,1,1,2,1156899.81
CUST0913,61,Male,South,406009.23,NRI,1,3,36,1218293.44
CUST0914,60,Female,West,1092111.02,NRI,1,5,14,606531.37
CUST0915,48,Male,South,2404959.59,Savings,0,4,16,1421257.87
CUST0916,55,Female,South,1400882.52,Savings,0,1,19,615629.45
CUST0917,30,Female,North,1252004.1,Salary,3,0,34,1160035.69
CUST0918,26,Male,West,1306939.13,Current,2,3,44,730977.12
CUST0919,44,Female,East,759541.99,NRI,1,2,46,1347323.17
CUST0920,52,Female,East,1111155.78,Salary,3,1,6,1362564.25
CUST0921,35,Male,North,1113589.16,NRI,0,2,13,140251.04
CUST0922,28,Female,South,415181.04,Savings,0,3,36,1405375.06
CUST0923,39,Female,North,1988648.78,NRI,2,2,22,1240046.91
CUST0924,30,Female,North,1216309.75,Current,2,1,18,1189052.96
CUST0925,54,Male,North,2108795.75,Current,2,3,12,309357.9
CUST0926,62,Female,South,2170765.6,Savings,3,0,30,1209627.62
CUST0927,26,Female,West,766386.92,Current,0,1,40,1276697.77
CUST0928,39,Female,North,1746177.66,Current,0,4,7,440834.0
CUST0929,35,Female,South,1339019.97,Salary,2,5,32,1428867.52
CUST0930,32,Male,West,2236344.82,NRI,1,1,48,84291.62
CUST0931,50,Male,North,774629.49,Savings,2,3,19,233364.79
CUST0932,69,Female,East,1791189.04,Savings,3,5,6,810995.9
CUST0933,68,Female,West,1637054.67,Savings,2,1,20,867930.78
CUST0934,29,Male,North,949663.25,Savings,2,0,27,971273.62
CUST0935,30,Male,West,600521.99,Savings,3,0,43,35284.0
CUST0936,50,Female,West,1733607.47,Current,2,4,37,1440946.49
CUST0937,28,Male,West,1924914.41,Salary,0,2,48,76436.26
CUST0938,43,Female,West,994380.16,Savings,1,5,7,223162.31
CUST0939,44,Male,West,1718631.73,Salary,2,3,5,30881.63
CUST0940,57,Male,West,1169288.0,Salary,3,3,11,854619.07
CUST0941,44,Male,North,1869055.14,Current,1,2,15,1399077.66
CUST0942,36,Male,East,738273.6,Savings,3,0,3,1002261.28
CUST0943,25,Female,South,2258473.01,Current,1,0,5,1235759.63
CUST0944,50,Male,West,932301.11,Savings,1,1,23,29788.99
CUST0945,38,Male,South,1109129.17,Current,2,4,37,817602.79
CUST0946,62,Female,North,427802.29,Salary,0,5,9,694748.84
CUST0947,61,Male,West,545326.87,Savings,2,4,15,753462.24
CUST0948,35,Male,East,1434896.19,NRI,3,4,3,117597.65
CUST0949,60,Female,South,888703.89,Salary,3,1,29,1029808.69
CUST0950,37,Male,West,2138056.5,NRI,1,4,6,759798.42
CUST0951,67,Female,North,332325.46,Salary,1,2,17,1150071.79
CUST0952,27,Female,East,1134006.91,Current,0,1,26,733083.04
CUST0953,57,Female,South,1042160.2,Savings,2,2,21,232578.64
CUST0954,30,Female,South,342520.79,Salary,3,1,8,975902.86
CUST0955,34,Male,West,573610.48,Current,1,4,21,266855.68
CUST0956,29,Female,East,1210013.88,Savings,0,2,11,1309867.9
CUST0957,47,Male,East,1384302.09,Savings,3,2,38,923543.2
CUST0958,34,Male,East,1189437.44,Salary,1,2,8,244233.79
CUST0959,68,Male,East,1468062.89,Savings,3,1,42,1443883.71
CUST0960,26,Male,North,1609289.68,Salary,0,3,24,782364.54
CUST0961,37,Male,East,321832.41,Savings,0,4,35,118618.69
CUST0962,64,Male,South,1321009.35,NRI,3,2,14,943981.03
CUST0963,26,Male,South,2419698.33,Current,2,5,14,387266.37
CUST0964,44,Male,North,1441871.02,NRI,3,3,10,1207503.24
CUST0965,25,Male,South,1790592.99,Salary,1,5,12,1228554.89
CUST0966,61,Male,South,986100.49,NRI,2,4,38,1468631.56
CUST0967,33,Female,East,2002781.03,Salary,1,4,44,757785.6
CUST0968,41,Female,South,2000427.26,Savings,3,2,46,687885.75
CUST0969,33,Female,North,1446851.3,Savings,2,2,34,1132678.65
CUST0970,35,Male,East,2447230.41,Salary,1,1,41,207381.28
CUST0971,39,Female,West,576210.47,NRI,3,3,10,824904.12
CUST0972,48,Female,East,337284.86,Savings,3,3,17,823908.92
CUST0973,62,Female,North,1994348.07,Current,2,2,17,143314.95
CUST0974,59,Male,East,2075742.18,Savings,3,4,3,632796.29
CUST0975,54,Male,East,564455.9,Current,0,2,31,1281394.35
CUST0976,55,Male,North,884282.23,NRI,1,4,1,1285668.9
CUST0977,29,Male,East,338615.2,Current,1,4,12,157864.12
CUST0978,68,Female,North,945278.94,Current,3,2,39,145174.12
CUST0979,38,Female,North,2000912.12,Current,3,0,4,401416.26
CUST0980,35,Female,West,1439513.16,Current,0,3,42,1313401.43
CUST0981,33,Female,South,1065810.3,Savings,2,5,13,202064.85
CUST0982,58,Male,South,1117826.45,Current,3,4,34,1082795.24
CUST0983,36,Male,East,302977.98,Savings,3,4,42,160736.77
CUST0984,59,Male,East,959561.16,Current,3,0,21,938475.4
CUST0985,59,Female,West,1722209.23,Salary,3,5,22,540540.28
CUST0986,25,Male,West,2443227.78,NRI,1,1,4,1185481.8
CUST0987,64,Male,West,2163533.82,Current,3,0,18,358198.77
CUST0988,46,Female,North,351908.92,Salary,1,5,5,962410.73
CUST0989,53,Female,West,2276833.33,Current,3,0,19,361166.98
CUST0990,32,Male,West,2023036.51,Current,2,4,2,1073353.82
CUST0991,35,Male,East,2016827.47,Current,0,3,12,1311780.27
CUST0992,65,Male,West,1307590.67,Salary,2,0,17,198934.68
CUST0993,61,Male,North,1175611.64,NRI,3,1,10,1301227.58
CUST0994,38,Male,North,966414.6,Salary,3,2,34,894427.13
CUST0995,54,Male,East,444528.69,NRI,3,5,6,199394.63
CUST0996,59,Female,West,802117.8,Current,2,0,8,647037.36
CUST0997,45,Female,West,842528.0,Savings,3,0,11,249681.84
CUST0998,61,Female,North,1364969.55,Current,2,1,12,1053518.35
CUST0999,29,Male,West,1944377.69,NRI,1,3,9,1140713.52
CUST1000,43,Female,West,1342381.62,Salary,0,0,2,167636.82
