Claim_Date,Rolling_Avg
2023-10-18,9403.625000
2023-10-18,9403.625000
2023-10-19,26142.242500
2023-10-19,26142.242500
2023-10-19,26142.242500
2023-10-19,26142.242500
2023-10-19,26142.242500
2023-10-19,26142.242500
2023-10-20,27536.673636
2023-10-20,27536.673636
2023-10-20,27536.673636
2023-10-21,27243.121538
2023-10-21,27243.121538
2023-10-22,24844.961667
2023-10-22,24844.961667
2023-10-22,24844.961667
2023-10-22,24844.961667
2023-10-22,24844.961667
2023-10-23,24668.067273
2023-10-23,24668.067273
2023-10-23,24668.067273
2023-10-23,24668.067273
2023-10-24,25284.674444
2023-10-24,25284.674444
2023-10-24,25284.674444
2023-10-24,25284.674444
2023-10-24,25284.674444
2023-10-25,24468.494000
2023-10-25,24468.494000
2023-10-25,24468.494000
2023-10-26,24784.024839
2023-10-27,25541.464324
2023-10-27,25541.464324
2023-10-27,25541.464324
2023-10-27,25541.464324
2023-10-27,25541.464324
2023-10-27,25541.464324
2023-10-28,25651.823409
2023-10-28,25651.823409
2023-10-28,25651.823409
2023-10-28,25651.823409
2023-10-28,25651.823409
2023-10-28,25651.823409
2023-10-28,25651.823409
2023-10-29,25291.188936
2023-10-29,25291.188936
2023-10-29,25291.188936
2023-10-30,24707.251373
2023-10-30,24707.251373
2023-10-30,24707.251373
2023-10-30,24707.251373
2023-10-31,24788.357885
2023-11-01,25327.053036
2023-11-01,25327.053036
2023-11-01,25327.053036
2023-11-01,25327.053036
2023-11-02,24972.146393
2023-11-02,24972.146393
2023-11-02,24972.146393
2023-11-02,24972.146393
2023-11-02,24972.146393
2023-11-03,25216.622381
2023-11-03,25216.622381
2023-11-04,25804.399242
2023-11-04,25804.399242
2023-11-04,25804.399242
2023-11-05,25439.204928
2023-11-05,25439.204928
2023-11-05,25439.204928
2023-11-06,25377.394583
2023-11-06,25377.394583
2023-11-06,25377.394583
2023-11-07,25658.887973
2023-11-07,25658.887973
2023-11-08,25752.771316
2023-11-08,25752.771316
2023-11-09,26016.330125
2023-11-09,26016.330125
2023-11-09,26016.330125
2023-11-09,26016.330125
2023-11-10,25975.078272
2023-11-12,26524.139884
2023-11-12,26524.139884
2023-11-12,26524.139884
2023-11-12,26524.139884
2023-11-12,26524.139884
2023-11-14,26169.805806
2023-11-14,26169.805806
2023-11-14,26169.805806
2023-11-14,26169.805806
2023-11-14,26169.805806
2023-11-14,26169.805806
2023-11-14,26169.805806
2023-11-16,26600.009175
2023-11-16,26600.009175
2023-11-16,26600.009175
2023-11-16,26600.009175
2023-11-17,26343.547184
2023-11-17,26343.547184
2023-11-17,26343.547184
2023-11-17,26343.547184
2023-11-17,26343.547184
2023-11-17,26343.547184
2023-11-18,26339.674286
2023-11-18,26339.674286
2023-11-19,26245.307130
2023-11-19,26245.307130
2023-11-19,26245.307130
2023-11-20,26084.853750
2023-11-20,26084.853750
2023-11-20,26084.853750
2023-11-20,26084.853750
2023-11-21,26264.469060
2023-11-21,26264.469060
2023-11-21,26264.469060
2023-11-21,26264.469060
2023-11-21,26264.469060
2023-11-22,26069.376860
2023-11-22,26069.376860
2023-11-22,26069.376860
2023-11-22,26069.376860
2023-11-24,25876.797143
2023-11-24,25876.797143
2023-11-24,25876.797143
2023-11-24,25876.797143
2023-11-24,25876.797143
2023-11-25,26078.141860
2023-11-25,26078.141860
2023-11-25,26078.141860
2023-11-26,26073.536183
2023-11-26,26073.536183
2023-11-28,25939.144318
2023-11-30,26140.818686
2023-11-30,26140.818686
2023-11-30,26140.818686
2023-11-30,26140.818686
2023-11-30,26140.818686
2023-12-01,26254.742950
2023-12-01,26254.742950
2023-12-02,25978.188652
2023-12-02,25978.188652
2023-12-03,25924.715563
2023-12-04,26039.911793
2023-12-04,26039.911793
2023-12-04,26039.911793
2023-12-05,26101.251351
2023-12-05,26101.251351
2023-12-05,26101.251351
2023-12-06,26020.033800
2023-12-06,26020.033800
2023-12-08,25900.999013
2023-12-08,25900.999013
2023-12-09,25741.187677
2023-12-09,25741.187677
2023-12-09,25741.187677
2023-12-10,25732.224430
2023-12-10,25732.224430
2023-12-10,25732.224430
2023-12-11,25598.539748
2023-12-12,25494.686135
2023-12-12,25494.686135
2023-12-12,25494.686135
2023-12-12,25494.686135
2023-12-14,25548.325273
2023-12-14,25548.325273
2023-12-15,25688.101084
2023-12-16,25375.140914
2023-12-16,25375.140914
2023-12-16,25375.140914
2023-12-16,25375.140914
2023-12-16,25375.140914
2023-12-16,25375.140914
2023-12-16,25375.140914
2023-12-16,25375.140914
2023-12-16,25375.140914
2023-12-17,25291.445056
2023-12-17,25291.445056
2023-12-17,25291.445056
2023-12-18,25400.035912
2023-12-18,25400.035912
2023-12-18,25400.035912
2023-12-19,25481.563352
2023-12-21,25321.496075
2023-12-21,25321.496075
2023-12-21,25321.496075
2023-12-21,25321.496075
2023-12-22,25298.447487
2023-12-23,25255.116283
2023-12-23,25255.116283
2023-12-23,25255.116283
2023-12-23,25255.116283
2023-12-24,25362.174948
2023-12-24,25362.174948
2023-12-24,25362.174948
2023-12-25,25566.134388
2023-12-25,25566.134388
2023-12-26,25767.848788
2023-12-26,25767.848788
2023-12-28,25727.404824
2023-12-29,25747.273119
2023-12-29,25747.273119
2023-12-29,25747.273119
2023-12-30,25793.505902
2023-12-30,25793.505902
2023-12-30,25793.505902
2023-12-31,25901.354028
2023-12-31,25901.354028
2023-12-31,25901.354028
2023-12-31,25901.354028
2023-12-31,25901.354028
2023-12-31,25901.354028
2024-01-01,25885.284120
2024-01-01,25885.284120
2024-01-01,25885.284120
2024-01-01,25885.284120
2024-01-01,25885.284120
2024-01-02,25808.056425
2024-01-02,25808.056425
2024-01-02,25808.056425
2024-01-02,25808.056425
2024-01-02,25808.056425
2024-01-03,25797.837354
2024-01-03,25797.837354
2024-01-04,25811.816608
2024-01-04,25811.816608
2024-01-04,25811.816608
2024-01-04,25811.816608
2024-01-05,25860.638246
2024-01-07,25906.774847
2024-01-08,25918.731913
2024-01-09,25985.944340
2024-01-09,25985.944340
2024-01-09,25985.944340
2024-01-09,25985.944340
2024-01-09,25985.944340
2024-01-10,25866.172050
2024-01-10,25866.172050
2024-01-10,25866.172050
2024-01-10,25866.172050
2024-01-11,25888.828083
2024-01-12,25923.047328
2024-01-12,25923.047328
2024-01-12,25923.047328
2024-01-12,25923.047328
2024-01-12,25923.047328
2024-01-12,25923.047328
2024-01-12,25923.047328
2024-01-13,25921.596707
2024-01-13,25921.596707
2024-01-14,26004.417422
2024-01-14,26004.417422
2024-01-14,26004.417422
2024-01-14,26004.417422
2024-01-14,26004.417422
2024-01-14,26004.417422
2024-01-14,26004.417422
2024-01-15,26050.271236
2024-01-15,26050.271236
2024-01-15,26050.271236
2024-01-16,26060.251553
2024-01-16,26060.251553
2024-01-16,26060.251553
2024-01-16,26060.251553
2024-01-16,26060.251553
2024-01-17,26026.151396
2024-01-18,25956.745243
2024-01-18,25956.745243
2024-01-19,25938.112677
2024-01-19,25938.112677
2024-01-20,26028.831868
2024-01-20,26028.831868
2024-01-20,26028.831868
2024-01-20,26028.831868
2024-01-21,25954.387847
2024-01-22,26131.106906
2024-01-22,26131.106906
2024-01-22,26131.106906
2024-01-22,26131.106906
2024-01-23,26136.551111
2024-01-24,26107.469321
2024-01-25,26097.345159
2024-01-25,26097.345159
2024-01-25,26097.345159
2024-01-26,26018.605804
2024-01-26,26018.605804
2024-01-26,26018.605804
2024-01-27,25991.993611
2024-01-27,25991.993611
2024-01-28,26008.476862
2024-01-28,26008.476862
2024-01-29,26091.300273
2024-01-29,26091.300273
2024-01-29,26091.300273
2024-01-30,26017.373322
2024-01-30,26017.373322
2024-01-31,25965.421655
2024-02-01,26022.724815
2024-02-02,25995.065248
2024-02-02,25995.065248
2024-02-02,25995.065248
2024-02-02,25995.065248
2024-02-02,25995.065248
2024-02-02,25995.065248
2024-02-03,26004.736230
2024-02-03,26004.736230
2024-02-04,26031.594773
2024-02-04,26031.594773
2024-02-04,26031.594773
2024-02-05,26009.732347
2024-02-05,26009.732347
2024-02-05,26009.732347
2024-02-06,26038.158797
2024-02-06,26038.158797
2024-02-06,26038.158797
2024-02-06,26038.158797
2024-02-06,26038.158797
2024-02-07,26118.208962
2024-02-07,26118.208962
2024-02-08,26076.104720
2024-02-08,26076.104720
2024-02-08,26076.104720
2024-02-08,26076.104720
2024-02-09,26091.863025
2024-02-09,26091.863025
2024-02-10,26132.730336
2024-02-10,26132.730336
2024-02-10,26132.730336
2024-02-11,26075.604116
2024-02-12,26033.173404
2024-02-12,26033.173404
2024-02-12,26033.173404
2024-02-12,26033.173404
2024-02-13,25985.435194
2024-02-13,25985.435194
2024-02-13,25985.435194
2024-02-14,26037.631479
2024-02-14,26037.631479
2024-02-14,26037.631479
2024-02-15,26011.091628
2024-02-15,26011.091628
2024-02-15,26011.091628
2024-02-15,26011.091628
2024-02-15,26011.091628
2024-02-15,26011.091628
2024-02-16,25979.723390
2024-02-16,25979.723390
2024-02-16,25979.723390
2024-02-16,25979.723390
2024-02-16,25979.723390
2024-02-16,25979.723390
2024-02-16,25979.723390
2024-02-16,25979.723390
2024-02-16,25979.723390
2024-02-16,25979.723390
2024-02-17,26101.151289
2024-02-17,26101.151289
2024-02-17,26101.151289
2024-02-18,26079.798139
2024-02-18,26079.798139
2024-02-18,26079.798139
2024-02-19,26012.588536
2024-02-19,26012.588536
2024-02-20,26042.613609
2024-02-21,26002.379837
2024-02-21,26002.379837
2024-02-21,26002.379837
2024-02-21,26002.379837
2024-02-22,26051.395269
2024-02-22,26051.395269
2024-02-22,26051.395269
2024-02-22,26051.395269
2024-02-22,26051.395269
2024-02-23,26059.519707
2024-02-23,26059.519707
2024-02-23,26059.519707
2024-02-24,26027.954312
2024-02-24,26027.954312
2024-02-24,26027.954312
2024-02-25,26031.425895
2024-02-25,26031.425895
2024-02-26,26071.968724
2024-02-26,26071.968724
2024-02-26,26071.968724
2024-02-26,26071.968724
2024-02-27,26040.171108
2024-02-27,26040.171108
2024-02-27,26040.171108
2024-02-27,26040.171108
2024-02-28,26024.557995
2024-03-01,25936.437980
2024-03-01,25936.437980
2024-03-02,25903.238112
2024-03-03,25804.207727
2024-03-03,25804.207727
2024-03-03,25804.207727
2024-03-03,25804.207727
2024-03-04,25773.358668
2024-03-04,25773.358668
2024-03-05,25845.940373
2024-03-05,25845.940373
2024-03-05,25845.940373
2024-03-05,25845.940373
2024-03-06,25787.748568
2024-03-06,25787.748568
2024-03-06,25787.748568
2024-03-07,25842.844138
2024-03-08,25914.566602
2024-03-08,25914.566602
2024-03-08,25914.566602
2024-03-08,25914.566602
2024-03-08,25914.566602
2024-03-08,25914.566602
2024-03-09,25850.014275
2024-03-09,25850.014275
2024-03-10,25916.910096
2024-03-10,25916.910096
2024-03-10,25916.910096
2024-03-10,25916.910096
2024-03-11,25872.716137
2024-03-11,25872.716137
2024-03-11,25872.716137
2024-03-11,25872.716137
2024-03-12,25849.870024
2024-03-13,25833.793585
2024-03-14,25861.271741
2024-03-15,25895.553583
2024-03-15,25895.553583
2024-03-17,25844.194326
2024-03-17,25844.194326
2024-03-17,25844.194326
2024-03-18,25748.621862
2024-03-18,25748.621862
2024-03-18,25748.621862
2024-03-18,25748.621862
2024-03-18,25748.621862
2024-03-19,25660.998215
2024-03-19,25660.998215
2024-03-20,25740.574966
2024-03-20,25740.574966
2024-03-21,25706.711267
2024-03-21,25706.711267
2024-03-21,25706.711267
2024-03-22,25691.135034
2024-03-22,25691.135034
2024-03-22,25691.135034
2024-03-24,25633.621875
2024-03-24,25633.621875
2024-03-24,25633.621875
2024-03-25,25622.105553
2024-03-25,25622.105553
2024-03-25,25622.105553
2024-03-25,25622.105553
2024-03-26,25633.363201
2024-03-27,25618.780395
2024-03-27,25618.780395
2024-03-27,25618.780395
2024-03-28,25616.440216
2024-03-28,25616.440216
2024-03-28,25616.440216
2024-03-28,25616.440216
2024-03-28,25616.440216
2024-03-28,25616.440216
2024-03-28,25616.440216
2024-03-28,25616.440216
2024-03-29,25667.021867
2024-03-29,25667.021867
2024-03-30,25464.065605
2024-03-30,25464.065605
2024-03-30,25464.065605
2024-03-30,25464.065605
2024-03-30,25464.065605
2024-03-31,25421.964820
2024-03-31,25421.964820
2024-04-01,25395.961086
2024-04-01,25395.961086
2024-04-01,25395.961086
2024-04-01,25395.961086
2024-04-01,25395.961086
2024-04-01,25395.961086
2024-04-02,25334.393340
2024-04-02,25334.393340
2024-04-02,25334.393340
2024-04-03,25289.526667
2024-04-03,25289.526667
2024-04-03,25289.526667
2024-04-03,25289.526667
2024-04-04,25329.231431
2024-04-04,25329.231431
2024-04-04,25329.231431
2024-04-06,25420.129675
2024-04-06,25420.129675
2024-04-06,25420.129675
2024-04-07,25334.954608
2024-04-07,25334.954608
2024-04-07,25334.954608
2024-04-07,25334.954608
2024-04-07,25334.954608
2024-04-08,25364.564640
2024-04-08,25364.564640
2024-04-08,25364.564640
2024-04-09,25408.400477
2024-04-09,25408.400477
2024-04-09,25408.400477
2024-04-10,25404.973393
2024-04-10,25404.973393
2024-04-10,25404.973393
2024-04-10,25404.973393
2024-04-11,25393.197412
2024-04-11,25393.197412
2024-04-11,25393.197412
2024-04-12,25446.031301
2024-04-12,25446.031301
2024-04-12,25446.031301
2024-04-12,25446.031301
2024-04-12,25446.031301
2024-04-13,25477.654360
2024-04-14,25636.375058
2024-04-14,25636.375058
2024-04-14,25636.375058
2024-04-14,25636.375058
2024-04-16,25634.476272
2024-04-16,25634.476272
2024-04-16,25634.476272
2024-04-17,25659.093162
2024-04-17,25659.093162
2024-04-18,25743.121667
2024-04-18,25743.121667
2024-04-18,25743.121667
2024-04-19,25759.378929
2024-04-19,25759.378929
2024-04-19,25759.378929
2024-04-19,25759.378929
2024-04-20,25784.572584
2024-04-20,25784.572584
2024-04-23,25827.282212
2024-04-23,25827.282212
2024-04-23,25827.282212
2024-04-23,25827.282212
2024-04-24,25826.450241
2024-04-24,25826.450241
2024-04-25,25776.282873
2024-04-25,25776.282873
2024-04-25,25776.282873
2024-04-26,25788.117857
2024-04-26,25788.117857
2024-04-26,25788.117857
2024-04-27,25777.829214
2024-04-28,25754.181000
2024-04-28,25754.181000
2024-04-28,25754.181000
2024-04-29,25752.538571
2024-04-29,25752.538571
2024-04-29,25752.538571
2024-04-30,25733.032734
2024-04-30,25733.032734
2024-04-30,25733.032734
2024-05-01,25688.362801
2024-05-02,25734.024571
2024-05-02,25734.024571
2024-05-02,25734.024571
2024-05-03,25770.980641
2024-05-03,25770.980641
2024-05-04,25815.684982
2024-05-04,25815.684982
2024-05-05,25764.948236
2024-05-05,25764.948236
2024-05-05,25764.948236
2024-05-06,25751.496626
2024-05-06,25751.496626
2024-05-08,25736.059193
2024-05-09,25755.780262
2024-05-09,25755.780262
2024-05-12,25736.280070
2024-05-12,25736.280070
2024-05-12,25736.280070
2024-05-13,25722.013293
2024-05-13,25722.013293
2024-05-14,25647.875786
2024-05-14,25647.875786
2024-05-15,25651.806849
2024-05-15,25651.806849
2024-05-15,25651.806849
2024-05-15,25651.806849
2024-05-15,25651.806849
2024-05-16,25624.896808
2024-05-16,25624.896808
2024-05-16,25624.896808
2024-05-16,25624.896808
2024-05-16,25624.896808
2024-05-17,25571.565008
2024-05-17,25571.565008
2024-05-18,25608.092908
2024-05-18,25608.092908
2024-05-18,25608.092908
2024-05-18,25608.092908
2024-05-19,25629.398794
2024-05-19,25629.398794
2024-05-20,25660.748686
2024-05-20,25660.748686
2024-05-20,25660.748686
2024-05-20,25660.748686
2024-05-21,25657.946887
2024-05-21,25657.946887
2024-05-21,25657.946887
2024-05-22,25655.787805
2024-05-22,25655.787805
2024-05-23,25604.506961
2024-05-23,25604.506961
2024-05-23,25604.506961
2024-05-23,25604.506961
2024-05-23,25604.506961
2024-05-23,25604.506961
2024-05-24,25567.323197
2024-05-25,25489.012666
2024-05-25,25489.012666
2024-05-25,25489.012666
2024-05-25,25489.012666
2024-05-25,25489.012666
2024-05-25,25489.012666
2024-05-26,25451.519100
2024-05-26,25451.519100
2024-05-26,25451.519100
2024-05-27,25489.236592
2024-05-27,25489.236592
2024-05-27,25489.236592
2024-05-28,25524.799475
2024-05-28,25524.799475
2024-05-28,25524.799475
2024-05-28,25524.799475
2024-05-29,25504.140063
2024-05-29,25504.140063
2024-05-29,25504.140063
2024-05-29,25504.140063
2024-05-30,25450.590000
2024-05-30,25450.590000
2024-05-30,25450.590000
2024-05-31,25412.286468
2024-06-01,25432.524366
2024-06-01,25432.524366
2024-06-02,25461.240981
2024-06-02,25461.240981
2024-06-02,25461.240981
2024-06-04,25493.049410
2024-06-04,25493.049410
2024-06-05,25480.783524
2024-06-05,25480.783524
2024-06-05,25480.783524
2024-06-06,25494.457843
2024-06-06,25494.457843
2024-06-07,25462.264319
2024-06-07,25462.264319
2024-06-07,25462.264319
2024-06-07,25462.264319
2024-06-08,25423.985291
2024-06-09,25452.816104
2024-06-09,25452.816104
2024-06-09,25452.816104
2024-06-10,25471.537915
2024-06-10,25471.537915
2024-06-10,25471.537915
2024-06-10,25471.537915
2024-06-10,25471.537915
2024-06-11,25459.099087
2024-06-11,25459.099087
2024-06-11,25459.099087
2024-06-11,25459.099087
2024-06-11,25459.099087
2024-06-11,25459.099087
2024-06-12,25430.985872
2024-06-12,25430.985872
2024-06-12,25430.985872
2024-06-13,25426.648356
2024-06-13,25426.648356
2024-06-13,25426.648356
2024-06-13,25426.648356
2024-06-14,25364.798056
2024-06-14,25364.798056
2024-06-14,25364.798056
2024-06-14,25364.798056
2024-06-16,25333.100162
2024-06-16,25333.100162
2024-06-17,25308.428363
2024-06-17,25308.428363
2024-06-17,25308.428363
2024-06-18,25241.876487
2024-06-18,25241.876487
2024-06-19,25220.218035
2024-06-20,25204.710058
2024-06-20,25204.710058
2024-06-21,25158.637022
2024-06-21,25158.637022
2024-06-21,25158.637022
2024-06-21,25158.637022
2024-06-21,25158.637022
2024-06-21,25158.637022
2024-06-22,25168.951076
2024-06-22,25168.951076
2024-06-23,25215.343951
2024-06-23,25215.343951
2024-06-23,25215.343951
2024-06-23,25215.343951
2024-06-24,25247.049077
2024-06-24,25247.049077
2024-06-24,25247.049077
2024-06-25,25186.922578
2024-06-25,25186.922578
2024-06-26,25180.985924
2024-06-26,25180.985924
2024-06-26,25180.985924
2024-06-27,25208.942528
2024-06-27,25208.942528
2024-06-27,25208.942528
2024-06-28,25202.539579
2024-06-29,25202.410628
2024-06-29,25202.410628
2024-06-29,25202.410628
2024-06-30,25225.649917
2024-06-30,25225.649917
2024-06-30,25225.649917
2024-07-01,25209.280483
2024-07-01,25209.280483
2024-07-01,25209.280483
2024-07-01,25209.280483
2024-07-01,25209.280483
2024-07-01,25209.280483
2024-07-02,25240.314127
2024-07-02,25240.314127
2024-07-03,25267.232019
2024-07-04,25320.918632
2024-07-04,25320.918632
2024-07-04,25320.918632
2024-07-05,25418.447005
2024-07-05,25418.447005
2024-07-05,25418.447005
2024-07-05,25418.447005
2024-07-05,25418.447005
2024-07-05,25418.447005
2024-07-05,25418.447005
2024-07-06,25448.940135
2024-07-06,25448.940135
2024-07-06,25448.940135
2024-07-07,25446.548589
2024-07-07,25446.548589
2024-07-07,25446.548589
2024-07-08,25397.391861
2024-07-08,25397.391861
2024-07-08,25397.391861
2024-07-09,25461.716223
2024-07-09,25461.716223
2024-07-09,25461.716223
2024-07-09,25461.716223
2024-07-09,25461.716223
2024-07-10,25428.673470
2024-07-10,25428.673470
2024-07-10,25428.673470
2024-07-11,25395.884016
2024-07-11,25395.884016
2024-07-12,25397.808113
2024-07-13,25404.327582
2024-07-13,25404.327582
2024-07-13,25404.327582
2024-07-14,25429.661732
2024-07-16,25402.497467
2024-07-16,25402.497467
2024-07-16,25402.497467
2024-07-16,25402.497467
2024-07-17,25355.710625
2024-07-17,25355.710625
2024-07-18,25352.095800
2024-07-19,25373.438171
2024-07-19,25373.438171
2024-07-20,25398.838653
2024-07-21,25442.086576
2024-07-21,25442.086576
2024-07-22,25438.919216
2024-07-22,25438.919216
2024-07-22,25438.919216
2024-07-22,25438.919216
2024-07-23,25403.043069
2024-07-23,25403.043069
2024-07-23,25403.043069
2024-07-23,25403.043069
2024-07-24,25389.548737
2024-07-24,25389.548737
2024-07-25,25421.269415
2024-07-25,25421.269415
2024-07-26,25429.968983
2024-07-27,25456.948089
2024-07-27,25456.948089
2024-07-27,25456.948089
2024-07-28,25452.555132
2024-07-28,25452.555132
2024-07-28,25452.555132
2024-07-28,25452.555132
2024-07-28,25452.555132
2024-07-28,25452.555132
2024-07-28,25452.555132
2024-07-29,25489.450387
2024-07-29,25489.450387
2024-07-29,25489.450387
2024-07-29,25489.450387
2024-07-29,25489.450387
2024-07-31,25470.704633
2024-08-01,25463.215354
2024-08-01,25463.215354
2024-08-02,25468.625512
2024-08-02,25468.625512
2024-08-02,25468.625512
2024-08-02,25468.625512
2024-08-02,25468.625512
2024-08-02,25468.625512
2024-08-03,25485.945037
2024-08-03,25485.945037
2024-08-03,25485.945037
2024-08-04,25508.399559
2024-08-04,25508.399559
2024-08-04,25508.399559
2024-08-05,25499.268723
2024-08-05,25499.268723
2024-08-05,25499.268723
2024-08-05,25499.268723
2024-08-05,25499.268723
2024-08-06,25518.089769
2024-08-07,25516.711444
2024-08-08,25497.837328
2024-08-08,25497.837328
2024-08-08,25497.837328
2024-08-09,25495.416622
2024-08-09,25495.416622
2024-08-10,25509.844663
2024-08-11,25480.253117
2024-08-12,25473.142861
2024-08-13,25448.498922
2024-08-13,25448.498922
2024-08-13,25448.498922
2024-08-14,25405.007742
2024-08-14,25405.007742
2024-08-16,25374.776683
2024-08-16,25374.776683
2024-08-16,25374.776683
2024-08-16,25374.776683
2024-08-17,25344.830261
2024-08-18,25337.289620
2024-08-19,25332.428605
2024-08-19,25332.428605
2024-08-19,25332.428605
2024-08-20,25323.627750
2024-08-20,25323.627750
2024-08-20,25323.627750
2024-08-21,25257.751733
2024-08-21,25257.751733
2024-08-21,25257.751733
2024-08-21,25257.751733
2024-08-21,25257.751733
2024-08-23,25224.197016
2024-08-23,25224.197016
2024-08-23,25224.197016
2024-08-23,25224.197016
2024-08-24,25187.813674
2024-08-24,25187.813674
2024-08-25,25164.105231
2024-08-25,25164.105231
2024-08-25,25164.105231
2024-08-25,25164.105231
2024-08-27,25130.111338
2024-08-27,25130.111338
2024-08-27,25130.111338
2024-08-28,25100.780725
2024-08-28,25100.780725
2024-08-29,25111.730126
2024-08-29,25111.730126
2024-08-29,25111.730126
2024-08-30,25168.533729
2024-08-30,25168.533729
2024-08-30,25168.533729
2024-08-30,25168.533729
2024-08-30,25168.533729
2024-08-31,25140.818736
2024-09-01,25127.501918
2024-09-01,25127.501918
2024-09-01,25127.501918
2024-09-03,25137.133299
2024-09-03,25137.133299
2024-09-03,25137.133299
2024-09-03,25137.133299
2024-09-04,25182.559989
2024-09-04,25182.559989
2024-09-04,25182.559989
2024-09-05,25189.672461
2024-09-05,25189.672461
2024-09-06,25230.036421
2024-09-06,25230.036421
2024-09-06,25230.036421
2024-09-06,25230.036421
2024-09-07,25250.143229
2024-09-08,25228.321726
2024-09-08,25228.321726
2024-09-08,25228.321726
2024-09-09,25286.032511
2024-09-09,25286.032511
2024-09-09,25286.032511
2024-09-09,25286.032511
2024-09-09,25286.032511
2024-09-09,25286.032511
2024-09-10,25263.711854
2024-09-10,25263.711854
2024-09-11,25227.328319
2024-09-11,25227.328319
2024-09-11,25227.328319
2024-09-11,25227.328319
2024-09-12,25193.928094
2024-09-12,25193.928094
2024-09-12,25193.928094
2024-09-13,25226.585535
2024-09-13,25226.585535
2024-09-13,25226.585535
2024-09-14,25194.225299
2024-09-14,25194.225299
2024-09-14,25194.225299
2024-09-15,25190.497522
2024-09-16,25177.429222
2024-09-16,25177.429222
2024-09-16,25177.429222
2024-09-16,25177.429222
2024-09-16,25177.429222
2024-09-16,25177.429222
2024-09-17,25136.012802
2024-09-17,25136.012802
2024-09-18,25128.179570
2024-09-18,25128.179570
2024-09-19,25150.834534
2024-09-19,25150.834534
2024-09-19,25150.834534
2024-09-20,25128.165726
2024-09-20,25128.165726
2024-09-20,25128.165726
2024-09-21,25130.201970
2024-09-21,25130.201970
2024-09-21,25130.201970
2024-09-22,25142.718000
2024-09-23,25161.835796
2024-09-23,25161.835796
2024-09-24,25131.294831
2024-09-24,25131.294831
2024-09-24,25131.294831
2024-09-24,25131.294831
2024-09-24,25131.294831
2024-09-24,25131.294831
2024-09-26,25082.997763
2024-09-26,25082.997763
2024-09-26,25082.997763
2024-09-26,25082.997763
2024-09-27,25069.724302
2024-09-28,25079.120251
2024-09-28,25079.120251
2024-09-28,25079.120251
2024-09-28,25079.120251
2024-09-29,25035.301602
2024-09-29,25035.301602
2024-09-29,25035.301602
2024-09-29,25035.301602
2024-09-30,25043.961089
2024-09-30,25043.961089
2024-09-30,25043.961089
2024-10-01,25060.614860
2024-10-01,25060.614860
2024-10-01,25060.614860
2024-10-02,25061.577523
2024-10-02,25061.577523
2024-10-03,25048.994179
2024-10-03,25048.994179
2024-10-03,25048.994179
2024-10-03,25048.994179
2024-10-03,25048.994179
2024-10-04,25007.027451
2024-10-04,25007.027451
2024-10-04,25007.027451
2024-10-05,24978.868654
2024-10-05,24978.868654
2024-10-05,24978.868654
2024-10-05,24978.868654
2024-10-06,24982.089513
2024-10-06,24982.089513
2024-10-06,24982.089513
2024-10-06,24982.089513
2024-10-07,24988.185697
2024-10-07,24988.185697
2024-10-07,24988.185697
2024-10-07,24988.185697
2024-10-07,24988.185697
2024-10-08,25003.392656
2024-10-08,25003.392656
2024-10-08,25003.392656
2024-10-08,25003.392656
2024-10-09,25021.450631
2024-10-09,25021.450631
2024-10-09,25021.450631
2024-10-09,25021.450631
2024-10-10,25035.805867
2024-10-10,25035.805867
2024-10-10,25035.805867
2024-10-10,25035.805867
2024-10-10,25035.805867
2024-10-10,25035.805867
2024-10-11,25031.581323
2024-10-12,25086.397713
2024-10-12,25086.397713
2024-10-12,25086.397713
2024-10-12,25086.397713
2024-10-12,25086.397713
2024-10-13,25068.224768
2024-10-13,25068.224768
2024-10-13,25068.224768
2024-10-14,25073.880118
2024-10-14,25073.880118
2024-10-15,25071.527699
2024-10-15,25071.527699
2024-10-16,25058.581324
2024-10-16,25058.581324
2024-10-16,25058.581324
2024-10-17,25041.080382
2024-10-17,25041.080382
2024-10-18,25019.502991
2024-10-20,25044.981949
2024-10-20,25044.981949
2024-10-20,25044.981949
2024-10-21,25029.628793
2024-10-22,25069.569981
2024-10-22,25069.569981
2024-10-22,25069.569981
2024-10-23,25047.351609
2024-10-23,25047.351609
2024-10-24,25091.339256
2024-10-24,25091.339256
2024-10-24,25091.339256
2024-10-25,25128.450800
2024-10-25,25128.450800
2024-10-25,25128.450800
2024-10-26,25144.257893
2024-10-26,25144.257893
2024-10-26,25144.257893
2024-10-26,25144.257893
2024-10-26,25144.257893
2024-10-26,25144.257893
2024-10-27,25144.236938
2024-10-28,25174.119589
2024-10-28,25174.119589
2024-10-29,25188.614862
2024-10-29,25188.614862
2024-10-30,25229.287407
2024-10-30,25229.287407
2024-10-30,25229.287407
2024-10-30,25229.287407
2024-10-31,25206.045644
2024-10-31,25206.045644
2024-10-31,25206.045644
2024-11-01,25217.703959
2024-11-01,25217.703959
2024-11-01,25217.703959
2024-11-01,25217.703959
2024-11-01,25217.703959
2024-11-02,25245.967620
2024-11-02,25245.967620
2024-11-03,25278.029157
2024-11-03,25278.029157
2024-11-03,25278.029157
2024-11-03,25278.029157
2024-11-03,25278.029157
2024-11-04,25262.052720
2024-11-04,25262.052720
2024-11-05,25264.651653
2024-11-06,25256.943336
2024-11-06,25256.943336
2024-11-07,25294.057465
2024-11-07,25294.057465
2024-11-07,25294.057465
2024-11-07,25294.057465
2024-11-08,25321.463041
2024-11-08,25321.463041
2024-11-08,25321.463041
2024-11-08,25321.463041
2024-11-08,25321.463041
2024-11-09,25275.575391
2024-11-09,25275.575391
2024-11-09,25275.575391
2024-11-09,25275.575391
2024-11-09,25275.575391
2024-11-10,25259.115367
2024-11-10,25259.115367
2024-11-10,25259.115367
2024-11-12,25260.219260
2024-11-12,25260.219260
2024-11-12,25260.219260
2024-11-12,25260.219260
2024-11-13,25302.043355
2024-11-13,25302.043355
2024-11-13,25302.043355
2024-11-14,25283.622157
2024-11-14,25283.622157
2024-11-15,25288.713877
2024-11-15,25288.713877
2024-11-15,25288.713877
2024-11-15,25288.713877
2024-11-15,25288.713877
2024-11-16,25285.238987
2024-11-16,25285.238987
2024-11-17,25257.902489
2024-11-17,25257.902489
2024-11-17,25257.902489
2024-11-18,25299.812417
2024-11-18,25299.812417
2024-11-18,25299.812417
2024-11-18,25299.812417
2024-11-19,25310.665556
2024-11-19,25310.665556
2024-11-19,25310.665556
2024-11-20,25293.202748
2024-11-21,25256.011859
2024-11-21,25256.011859
2024-11-23,25283.432096
2024-11-23,25283.432096
2024-11-24,25253.699422
2024-11-24,25253.699422
2024-11-24,25253.699422
2024-11-24,25253.699422
2024-11-25,25222.608034
2024-11-25,25222.608034
2024-11-25,25222.608034
2024-11-25,25222.608034
2024-11-26,25244.800530
2024-11-26,25244.800530
2024-11-26,25244.800530
2024-11-27,25244.305543
2024-11-28,25256.902141
2024-11-28,25256.902141
2024-11-29,25301.907998
2024-11-29,25301.907998
2024-11-29,25301.907998
2024-11-29,25301.907998
2024-11-30,25301.235874
2024-11-30,25301.235874
2024-11-30,25301.235874
2024-11-30,25301.235874
2024-11-30,25301.235874
2024-12-01,25313.231072
2024-12-01,25313.231072
2024-12-01,25313.231072
2024-12-02,25306.541399
2024-12-02,25306.541399
2024-12-02,25306.541399
2024-12-02,25306.541399
2024-12-04,25318.765247
2024-12-04,25318.765247
2024-12-05,25340.861141
2024-12-05,25340.861141
2024-12-05,25340.861141
2024-12-05,25340.861141
2024-12-06,25324.651372
2024-12-06,25324.651372
2024-12-07,25303.759836
2024-12-07,25303.759836
2024-12-07,25303.759836
2024-12-08,25292.576878
2024-12-08,25292.576878
2024-12-08,25292.576878
2024-12-08,25292.576878
2024-12-09,25290.403582
2024-12-10,25287.585222
2024-12-10,25287.585222
2024-12-10,25287.585222
2024-12-11,25295.706340
2024-12-11,25295.706340
2024-12-12,25308.515370
2024-12-12,25308.515370
2024-12-12,25308.515370
2024-12-13,25309.869771
2024-12-13,25309.869771
2024-12-13,25309.869771
2024-12-13,25309.869771
2024-12-14,25333.059510
2024-12-14,25333.059510
2024-12-14,25333.059510
2024-12-14,25333.059510
2024-12-15,25335.852137
2024-12-16,25334.137378
2024-12-16,25334.137378
2024-12-16,25334.137378
2024-12-16,25334.137378
2024-12-16,25334.137378
2024-12-16,25334.137378
2024-12-17,25306.825738
2024-12-17,25306.825738
2024-12-18,25338.411824
2024-12-18,25338.411824
2024-12-18,25338.411824
2024-12-19,25341.831761
2024-12-19,25341.831761
2024-12-19,25341.831761
2024-12-20,25303.777050
2024-12-20,25303.777050
2024-12-21,25297.279958
2024-12-21,25297.279958
2024-12-21,25297.279958
2024-12-21,25297.279958
2024-12-22,25303.244196
2024-12-22,25303.244196
2024-12-23,25303.773795
2024-12-24,25279.500471
2024-12-24,25279.500471
2024-12-24,25279.500471
2024-12-24,25279.500471
2024-12-25,25260.160586
2024-12-26,25248.364305
2024-12-26,25248.364305
2024-12-26,25248.364305
2024-12-27,25247.208118
2024-12-27,25247.208118
2024-12-28,25198.550482
2024-12-28,25198.550482
2024-12-28,25198.550482
2024-12-28,25198.550482
2024-12-28,25198.550482
2024-12-28,25198.550482
2024-12-29,25199.731422
2024-12-30,25234.915889
2024-12-30,25234.915889
2024-12-31,25254.106558
2024-12-31,25254.106558
2024-12-31,25254.106558
2025-01-01,25258.097506
2025-01-01,25258.097506
2025-01-02,25214.359862
2025-01-02,25214.359862
2025-01-02,25214.359862
2025-01-03,25228.038494
2025-01-04,25243.318002
2025-01-05,25229.171867
2025-01-06,25226.213025
2025-01-06,25226.213025
2025-01-06,25226.213025
2025-01-06,25226.213025
2025-01-06,25226.213025
2025-01-06,25226.213025
2025-01-07,25200.395522
2025-01-07,25200.395522
2025-01-07,25200.395522
2025-01-08,25245.234168
2025-01-08,25245.234168
2025-01-08,25245.234168
2025-01-08,25245.234168
2025-01-09,25217.736526
2025-01-09,25217.736526
2025-01-10,25257.609006
2025-01-10,25257.609006
2025-01-10,25257.609006
2025-01-10,25257.609006
2025-01-10,25257.609006
2025-01-11,25253.756585
2025-01-11,25253.756585
2025-01-12,25221.620745
2025-01-12,25221.620745
2025-01-12,25221.620745
2025-01-13,25228.072449
2025-01-13,25228.072449
2025-01-13,25228.072449
2025-01-13,25228.072449
2025-01-14,25218.024606
2025-01-14,25218.024606
2025-01-15,25229.096740
2025-01-15,25229.096740
2025-01-15,25229.096740
2025-01-15,25229.096740
2025-01-15,25229.096740
2025-01-16,25221.889239
2025-01-16,25221.889239
2025-01-17,25186.350070
2025-01-17,25186.350070
2025-01-17,25186.350070
2025-01-18,25133.545936
2025-01-18,25133.545936
2025-01-18,25133.545936
2025-01-18,25133.545936
2025-01-19,25134.664809
2025-01-20,25132.010396
2025-01-20,25132.010396
2025-01-20,25132.010396
2025-01-20,25132.010396
2025-01-20,25132.010396
2025-01-21,25133.143763
2025-01-22,25132.715329
2025-01-22,25132.715329
2025-01-23,25145.611629
2025-01-23,25145.611629
2025-01-23,25145.611629
2025-01-23,25145.611629
2025-01-24,25148.766279
2025-01-24,25148.766279
2025-01-24,25148.766279
2025-01-25,25117.277759
2025-01-25,25117.277759
2025-01-25,25117.277759
2025-01-25,25117.277759
2025-01-25,25117.277759
2025-01-26,25110.050865
2025-01-26,25110.050865
2025-01-26,25110.050865
2025-01-27,25126.223117
2025-01-27,25126.223117
2025-01-27,25126.223117
2025-01-28,25140.506796
2025-01-28,25140.506796
2025-01-29,25145.804105
2025-01-29,25145.804105
2025-01-30,25172.419711
2025-01-30,25172.419711
2025-01-30,25172.419711
2025-01-31,25156.426710
2025-01-31,25156.426710
2025-01-31,25156.426710
2025-02-01,25124.492986
2025-02-01,25124.492986
2025-02-01,25124.492986
2025-02-01,25124.492986
2025-02-02,25112.645869
2025-02-03,25108.115998
2025-02-03,25108.115998
2025-02-03,25108.115998
2025-02-04,25087.512766
2025-02-04,25087.512766
2025-02-04,25087.512766
2025-02-04,25087.512766
2025-02-04,25087.512766
2025-02-04,25087.512766
2025-02-04,25087.512766
2025-02-05,25073.286545
2025-02-05,25073.286545
2025-02-05,25073.286545
2025-02-06,25066.089530
2025-02-06,25066.089530
2025-02-06,25066.089530
2025-02-06,25066.089530
2025-02-07,25066.491528
2025-02-08,25051.544915
2025-02-08,25051.544915
2025-02-08,25051.544915
2025-02-08,25051.544915
2025-02-08,25051.544915
2025-02-09,25036.662582
2025-02-10,25019.040015
2025-02-10,25019.040015
2025-02-11,25027.774926
2025-02-11,25027.774926
2025-02-11,25027.774926
2025-02-11,25027.774926
2025-02-12,25020.639233
2025-02-12,25020.639233
2025-02-13,25036.585901
2025-02-13,25036.585901
2025-02-13,25036.585901
2025-02-14,25055.333524
2025-02-14,25055.333524
2025-02-14,25055.333524
2025-02-14,25055.333524
2025-02-14,25055.333524
2025-02-14,25055.333524
2025-02-15,25056.631984
2025-02-16,25080.081468
2025-02-16,25080.081468
2025-02-16,25080.081468
2025-02-17,25085.705825
2025-02-18,25053.968180
2025-02-18,25053.968180
2025-02-18,25053.968180
2025-02-18,25053.968180
2025-02-19,25065.128510
2025-02-19,25065.128510
2025-02-20,25059.514345
2025-02-20,25059.514345
2025-02-20,25059.514345
2025-02-20,25059.514345
2025-02-20,25059.514345
2025-02-21,25072.749582
2025-02-21,25072.749582
2025-02-21,25072.749582
2025-02-21,25072.749582
2025-02-21,25072.749582
2025-02-21,25072.749582
2025-02-22,25102.513012
2025-02-22,25102.513012
2025-02-22,25102.513012
2025-02-22,25102.513012
2025-02-24,25107.992543
2025-02-25,25096.675477
2025-02-25,25096.675477
2025-02-25,25096.675477
2025-02-26,25074.919122
2025-02-26,25074.919122
2025-02-26,25074.919122
2025-02-26,25074.919122
2025-02-26,25074.919122
2025-02-26,25074.919122
2025-02-27,25070.456389
2025-02-27,25070.456389
2025-02-27,25070.456389
2025-02-28,25070.058529
2025-02-28,25070.058529
2025-02-28,25070.058529
2025-03-01,25029.394918
2025-03-01,25029.394918
2025-03-01,25029.394918
2025-03-01,25029.394918
2025-03-02,24999.805756
2025-03-02,24999.805756
2025-03-02,24999.805756
2025-03-02,24999.805756
2025-03-02,24999.805756
2025-03-03,25003.560071
2025-03-04,25003.486568
2025-03-04,25003.486568
2025-03-05,24981.215844
2025-03-05,24981.215844
2025-03-05,24981.215844
2025-03-06,24961.633684
2025-03-06,24961.633684
2025-03-06,24961.633684
2025-03-07,24962.557680
2025-03-07,24962.557680
2025-03-08,24953.450028
2025-03-08,24953.450028
2025-03-09,24952.412949
2025-03-09,24952.412949
2025-03-10,24935.899199
2025-03-10,24935.899199
2025-03-10,24935.899199
2025-03-10,24935.899199
2025-03-11,24949.957765
2025-03-11,24949.957765
2025-03-11,24949.957765
2025-03-11,24949.957765
2025-03-11,24949.957765
2025-03-11,24949.957765
2025-03-12,24983.926320
2025-03-12,24983.926320
2025-03-13,24981.343788
2025-03-14,24993.309807
2025-03-14,24993.309807
2025-03-14,24993.309807
2025-03-14,24993.309807
2025-03-15,24991.778385
2025-03-16,25016.643639
2025-03-16,25016.643639
2025-03-17,25015.498590
2025-03-17,25015.498590
2025-03-17,25015.498590
2025-03-18,25039.585216
2025-03-18,25039.585216
2025-03-18,25039.585216
2025-03-19,25047.551000
2025-03-19,25047.551000
2025-03-19,25047.551000
2025-03-20,25040.465428
2025-03-21,25021.658389
2025-03-21,25021.658389
2025-03-21,25021.658389
2025-03-21,25021.658389
2025-03-22,25028.475481
2025-03-22,25028.475481
2025-03-23,25051.881313
2025-03-23,25051.881313
2025-03-23,25051.881313
2025-03-24,25067.902740
2025-03-25,25079.400204
2025-03-26,25070.450704
2025-03-26,25070.450704
2025-03-26,25070.450704
2025-03-26,25070.450704
2025-03-26,25070.450704
2025-03-27,25072.205571
2025-03-27,25072.205571
2025-03-29,25083.201410
2025-03-29,25083.201410
2025-03-29,25083.201410
2025-03-30,25102.247961
2025-03-30,25102.247961
2025-03-30,25102.247961
2025-03-30,25102.247961
2025-03-31,25074.839155
2025-03-31,25074.839155
2025-03-31,25074.839155
2025-03-31,25074.839155
2025-03-31,25074.839155
2025-04-01,25114.498154
2025-04-01,25114.498154
2025-04-01,25114.498154
2025-04-01,25114.498154
2025-04-02,25107.459426
2025-04-02,25107.459426
2025-04-03,25095.336482
2025-04-04,25103.222385
2025-04-04,25103.222385
2025-04-04,25103.222385
2025-04-05,25131.602633
2025-04-05,25131.602633
2025-04-05,25131.602633
2025-04-06,25120.531342
2025-04-07,25121.783274
2025-04-08,25114.317162
2025-04-08,25114.317162
2025-04-10,25113.358393
2025-04-10,25113.358393
2025-04-10,25113.358393
2025-04-10,25113.358393
2025-04-11,25125.581269
2025-04-12,25133.506924
2025-04-12,25133.506924
2025-04-13,25141.502764
2025-04-14,25128.843562
2025-04-14,25128.843562
2025-04-14,25128.843562
2025-04-15,25136.189402
2025-04-15,25136.189402
2025-04-16,25142.326791
2025-04-16,25142.326791
2025-04-16,25142.326791
2025-04-18,25139.544823
2025-04-18,25139.544823
2025-04-19,25172.893873
2025-04-19,25172.893873
2025-04-19,25172.893873
2025-04-19,25172.893873
2025-04-19,25172.893873
2025-04-20,25181.226736
2025-04-21,25168.129980
2025-04-22,25181.368953
2025-04-22,25181.368953
2025-04-22,25181.368953
2025-04-22,25181.368953
2025-04-23,25171.012578
2025-04-23,25171.012578
2025-04-23,25171.012578
2025-04-24,25158.718383
2025-04-24,25158.718383
2025-04-24,25158.718383
2025-04-24,25158.718383
2025-04-24,25158.718383
2025-04-24,25158.718383
2025-04-25,25160.055581
2025-04-25,25160.055581
2025-04-25,25160.055581
2025-04-25,25160.055581
2025-04-26,25123.275480
2025-04-26,25123.275480
2025-04-26,25123.275480
2025-04-27,25107.735742
2025-04-27,25107.735742
2025-04-27,25107.735742
2025-04-27,25107.735742
2025-04-28,25129.700282
2025-04-28,25129.700282
2025-04-28,25129.700282
2025-04-28,25129.700282
2025-04-30,25101.588555
2025-04-30,25101.588555
2025-04-30,25101.588555
2025-05-01,25123.613006
2025-05-01,25123.613006
2025-05-01,25123.613006
2025-05-02,25102.616548
2025-05-02,25102.616548
2025-05-02,25102.616548
2025-05-03,25094.225575
2025-05-03,25094.225575
2025-05-03,25094.225575
2025-05-04,25077.271930
2025-05-04,25077.271930
2025-05-05,25062.546075
2025-05-05,25062.546075
2025-05-06,25051.448333
2025-05-07,25031.459835
2025-05-07,25031.459835
2025-05-08,25039.126563
2025-05-08,25039.126563
2025-05-08,25039.126563
2025-05-09,25019.058854
2025-05-09,25019.058854
2025-05-09,25019.058854
2025-05-09,25019.058854
2025-05-09,25019.058854
2025-05-11,25033.473003
2025-05-11,25033.473003
2025-05-11,25033.473003
2025-05-11,25033.473003
2025-05-12,25032.044922
2025-05-13,25029.638420
2025-05-13,25029.638420
2025-05-14,25021.636059
2025-05-15,25017.265269
2025-05-15,25017.265269
2025-05-16,25026.880475
2025-05-17,25044.483342
2025-05-17,25044.483342
2025-05-18,25026.116243
2025-05-18,25026.116243
2025-05-18,25026.116243
2025-05-18,25026.116243
2025-05-19,25037.436940
2025-05-19,25037.436940
2025-05-19,25037.436940
2025-05-19,25037.436940
2025-05-19,25037.436940
2025-05-19,25037.436940
2025-05-20,25050.302607
2025-05-20,25050.302607
2025-05-20,25050.302607
2025-05-20,25050.302607
2025-05-21,25046.876745
2025-05-21,25046.876745
2025-05-21,25046.876745
2025-05-21,25046.876745
2025-05-22,25034.844648
2025-05-23,25027.351612
2025-05-23,25027.351612
2025-05-23,25027.351612
2025-05-23,25027.351612
2025-05-23,25027.351612
2025-05-24,25041.977462
2025-05-24,25041.977462
2025-05-25,25016.210276
2025-05-25,25016.210276
2025-05-26,25024.217638
2025-05-27,25023.686108
2025-05-27,25023.686108
2025-05-27,25023.686108
2025-05-27,25023.686108
2025-05-28,25013.251484
2025-05-28,25013.251484
2025-05-28,25013.251484
2025-05-29,25031.654362
2025-05-29,25031.654362
2025-05-30,25011.135323
2025-05-30,25011.135323
2025-05-30,25011.135323
2025-05-31,25014.999860
2025-06-01,25008.050146
2025-06-01,25008.050146
2025-06-02,25001.796406
2025-06-02,25001.796406
2025-06-03,24981.864669
2025-06-03,24981.864669
2025-06-04,25002.090955
2025-06-04,25002.090955
2025-06-04,25002.090955
2025-06-04,25002.090955
2025-06-04,25002.090955
2025-06-04,25002.090955
2025-06-05,25014.214306
2025-06-05,25014.214306
2025-06-05,25014.214306
2025-06-06,25034.568952
2025-06-06,25034.568952
2025-06-06,25034.568952
2025-06-07,25039.366191
2025-06-08,25005.858403
2025-06-08,25005.858403
2025-06-08,25005.858403
2025-06-08,25005.858403
2025-06-09,25014.948782
2025-06-10,25032.062509
2025-06-10,25032.062509
2025-06-10,25032.062509
2025-06-11,25024.968989
2025-06-11,25024.968989
2025-06-12,25020.841343
2025-06-12,25020.841343
2025-06-12,25020.841343
2025-06-13,25034.367800
2025-06-13,25034.367800
2025-06-14,25035.336925
2025-06-15,25027.794816
2025-06-15,25027.794816
2025-06-15,25027.794816
2025-06-15,25027.794816
2025-06-16,25025.306378
2025-06-16,25025.306378
2025-06-17,25021.969988
2025-06-17,25021.969988
2025-06-18,25017.446935
2025-06-18,25017.446935
2025-06-18,25017.446935
2025-06-18,25017.446935
2025-06-19,25016.900390
2025-06-19,25016.900390
2025-06-19,25016.900390
2025-06-22,25010.481941
2025-06-22,25010.481941
2025-06-23,25015.011024
2025-06-23,25015.011024
2025-06-23,25015.011024
2025-06-23,25015.011024
2025-06-23,25015.011024
2025-06-24,25023.428281
2025-06-24,25023.428281
2025-06-24,25023.428281
2025-06-24,25023.428281
2025-06-26,25022.697572
2025-06-27,25018.106382
2025-06-27,25018.106382
2025-06-27,25018.106382
2025-06-27,25018.106382
2025-06-27,25018.106382
2025-06-27,25018.106382
2025-06-28,25031.970741
2025-06-28,25031.970741
2025-06-28,25031.970741
2025-06-30,24999.194837
2025-06-30,24999.194837
2025-06-30,24999.194837
2025-06-30,24999.194837
2025-07-01,25036.972641
2025-07-01,25036.972641
2025-07-01,25036.972641
2025-07-01,25036.972641
2025-07-01,25036.972641
2025-07-02,25045.079577
2025-07-03,25043.037471
2025-07-03,25043.037471
2025-07-03,25043.037471
2025-07-03,25043.037471
2025-07-04,25044.132786
2025-07-04,25044.132786
2025-07-05,25070.283408
2025-07-05,25070.283408
2025-07-05,25070.283408
2025-07-05,25070.283408
2025-07-06,25080.270029
2025-07-07,25063.514948
2025-07-07,25063.514948
2025-07-07,25063.514948
2025-07-08,25063.418897
2025-07-08,25063.418897
2025-07-09,25063.338280
2025-07-09,25063.338280
2025-07-09,25063.338280
2025-07-09,25063.338280
2025-07-10,25035.843038
2025-07-10,25035.843038
2025-07-10,25035.843038
2025-07-10,25035.843038
2025-07-11,25049.573617
2025-07-11,25049.573617
2025-07-12,25049.564860
2025-07-13,25057.246102
2025-07-14,25064.015159
2025-07-14,25064.015159
2025-07-14,25064.015159
2025-07-14,25064.015159
2025-07-15,25080.206553
2025-07-15,25080.206553
2025-07-15,25080.206553
2025-07-15,25080.206553
2025-07-15,25080.206553
2025-07-16,25076.555854
2025-07-16,25076.555854
2025-07-17,25091.814584
2025-07-17,25091.814584
2025-07-17,25091.814584
2025-07-17,25091.814584
2025-07-18,25081.428028
2025-07-18,25081.428028
2025-07-18,25081.428028
2025-07-19,25082.681541
2025-07-19,25082.681541
2025-07-20,25089.133209
2025-07-21,25076.954397
2025-07-22,25083.387361
2025-07-22,25083.387361
2025-07-22,25083.387361
2025-07-23,25091.269439
2025-07-23,25091.269439
2025-07-23,25091.269439
2025-07-23,25091.269439
2025-07-24,25086.511861
2025-07-24,25086.511861
2025-07-24,25086.511861
2025-07-25,25084.252232
2025-07-25,25084.252232
2025-07-25,25084.252232
2025-07-25,25084.252232
2025-07-26,25089.367401
2025-07-27,25056.671115
2025-07-27,25056.671115
2025-07-27,25056.671115
2025-07-27,25056.671115
2025-07-28,25082.447489
2025-07-28,25082.447489
2025-07-28,25082.447489
2025-07-29,25087.848357
2025-07-29,25087.848357
2025-07-29,25087.848357
2025-07-29,25087.848357
2025-07-29,25087.848357
2025-07-29,25087.848357
2025-07-30,25076.432623
2025-07-30,25076.432623
2025-07-30,25076.432623
2025-07-30,25076.432623
2025-07-30,25076.432623
2025-07-31,25066.563604
2025-07-31,25066.563604
2025-08-01,25078.769625
2025-08-01,25078.769625
2025-08-02,25092.546494
2025-08-02,25092.546494
2025-08-02,25092.546494
2025-08-03,25067.460402
2025-08-03,25067.460402
2025-08-03,25067.460402
2025-08-03,25067.460402
2025-08-04,25037.679600
2025-08-04,25037.679600
2025-08-04,25037.679600
2025-08-04,25037.679600
2025-08-04,25037.679600
2025-08-06,25049.178723
2025-08-06,25049.178723
2025-08-07,25038.719568
2025-08-07,25038.719568
2025-08-07,25038.719568
2025-08-07,25038.719568
2025-08-08,25036.712849
2025-08-08,25036.712849
2025-08-08,25036.712849
2025-08-09,25022.388201
2025-08-09,25022.388201
2025-08-10,25024.439711
2025-08-10,25024.439711
2025-08-10,25024.439711
2025-08-12,25029.054671
2025-08-12,25029.054671
2025-08-13,25023.782424
2025-08-13,25023.782424
2025-08-13,25023.782424
2025-08-13,25023.782424
2025-08-13,25023.782424
2025-08-14,25012.250119
2025-08-14,25012.250119
2025-08-15,25017.136814
2025-08-15,25017.136814
2025-08-15,25017.136814
2025-08-16,25023.879881
2025-08-17,25016.281166
2025-08-17,25016.281166
2025-08-17,25016.281166
2025-08-19,25007.344353
2025-08-20,25008.298949
2025-08-20,25008.298949
2025-08-21,24993.820699
2025-08-21,24993.820699
2025-08-21,24993.820699
2025-08-21,24993.820699
2025-08-21,24993.820699
2025-08-22,25003.171557
2025-08-23,25017.094234
2025-08-23,25017.094234
2025-08-23,25017.094234
2025-08-23,25017.094234
2025-08-24,25010.625249
2025-08-24,25010.625249
2025-08-24,25010.625249
2025-08-25,25025.203693
2025-08-25,25025.203693
2025-08-26,25036.621303
2025-08-26,25036.621303
2025-08-27,25052.388060
2025-08-27,25052.388060
2025-08-27,25052.388060
2025-08-28,25051.474606
2025-08-28,25051.474606
2025-08-29,25039.762488
2025-08-29,25039.762488
2025-08-29,25039.762488
2025-08-30,25033.689697
2025-08-30,25033.689697
2025-08-31,25043.901215
2025-09-01,25034.232220
2025-09-01,25034.232220
2025-09-01,25034.232220
2025-09-02,25037.605079
2025-09-02,25037.605079
2025-09-02,25037.605079
2025-09-03,25031.713955
2025-09-03,25031.713955
2025-09-03,25031.713955
2025-09-03,25031.713955
2025-09-04,25009.339078
2025-09-04,25009.339078
2025-09-04,25009.339078
2025-09-04,25009.339078
2025-09-05,25010.867396
2025-09-05,25010.867396
2025-09-05,25010.867396
2025-09-06,24987.173326
2025-09-06,24987.173326
2025-09-09,24989.913225
2025-09-10,24991.561379
2025-09-10,24991.561379
2025-09-10,24991.561379
2025-09-12,24988.399843
2025-09-12,24988.399843
2025-09-12,24988.399843
2025-09-12,24988.399843
2025-09-12,24988.399843
2025-09-13,24973.394671
2025-09-13,24973.394671
2025-09-13,24973.394671
2025-09-13,24973.394671
2025-09-14,24997.113377
2025-09-14,24997.113377
2025-09-14,24997.113377
2025-09-15,24980.680468
2025-09-15,24980.680468
2025-09-15,24980.680468
2025-09-15,24980.680468
2025-09-15,24980.680468
2025-09-16,24987.741117
2025-09-17,24986.932553
2025-09-17,24986.932553
2025-09-18,24977.520648
2025-09-19,24977.542345
2025-09-19,24977.542345
2025-09-19,24977.542345
2025-09-19,24977.542345
2025-09-20,24990.236544
2025-09-21,24978.038405
2025-09-21,24978.038405
2025-09-21,24978.038405
2025-09-21,24978.038405
2025-09-23,24961.131258
2025-09-23,24961.131258
2025-09-24,24957.508605
2025-09-24,24957.508605
2025-09-24,24957.508605
2025-09-24,24957.508605
2025-09-25,24959.507474
2025-09-26,24960.375046
2025-09-26,24960.375046
2025-09-28,24960.951632
2025-09-28,24960.951632
2025-09-29,24936.175930
2025-09-29,24936.175930
2025-09-29,24936.175930
2025-09-30,24934.371536
2025-09-30,24934.371536
2025-10-01,24944.601781
2025-10-02,24943.105990
2025-10-03,24953.323625
2025-10-04,24920.684551
2025-10-04,24920.684551
2025-10-04,24920.684551
2025-10-04,24920.684551
2025-10-05,24908.985869
2025-10-05,24908.985869
2025-10-05,24908.985869
2025-10-06,24903.918531
2025-10-06,24903.918531
2025-10-06,24903.918531
2025-10-06,24903.918531
2025-10-07,24906.997979
2025-10-07,24906.997979
2025-10-08,24890.382070
2025-10-08,24890.382070
2025-10-09,24886.286029
2025-10-10,24887.317094
2025-10-10,24887.317094
2025-10-10,24887.317094
2025-10-11,24899.606611
2025-10-11,24899.606611
2025-10-11,24899.606611
2025-10-11,24899.606611
2025-10-11,24899.606611
2025-10-12,24908.298060
2025-10-12,24908.298060
2025-10-12,24908.298060
2025-10-12,24908.298060
2025-10-12,24908.298060
2025-10-13,24907.596900
2025-10-13,24907.596900
2025-10-14,24897.433472
2025-10-14,24897.433472
2025-10-14,24897.433472
2025-10-15,24904.595832
2025-10-15,24904.595832
2025-10-15,24904.595832
2025-10-15,24904.595832
2025-10-16,24910.041954
2025-10-16,24910.041954
2025-10-17,24906.330330
2025-10-17,24906.330330
2025-10-17,24906.330330
2025-10-17,24906.330330
